accel_y (g)_mean,accel_y (g)_std,accel_y (g)_mad,accel_y (g)_min,accel_y (g)_max,accel_y (g)_range,accel_y (g)_iqr,accel_z (g)_mean,accel_z (g)_std,accel_z (g)_mad,accel_z (g)_min,accel_z (g)_max,accel_z (g)_range,accel_z (g)_iqr,accel_x (g)_mean,accel_x (g)_std,accel_x (g)_mad,accel_x (g)_min,accel_x (g)_max,accel_x (g)_range,accel_x (g)_iqr,gyro_y (°/s)_mean,gyro_y (°/s)_std,gyro_y (°/s)_mad,gyro_y (°/s)_min,gyro_y (°/s)_max,gyro_y (°/s)_range,gyro_y (°/s)_iqr,gyro_z (°/s)_mean,gyro_z (°/s)_std,gyro_z (°/s)_mad,gyro_z (°/s)_min,gyro_z (°/s)_max,gyro_z (°/s)_range,gyro_z (°/s)_iqr,gyro_x (°/s)_mean,gyro_x (°/s)_std,gyro_x (°/s)_mad,gyro_x (°/s)_min,gyro_x (°/s)_max,gyro_x (°/s)_range,gyro_x (°/s)_iqr,accel_mag_mean,accel_mag_std,accel_peak_count,accel_peak_amplitude,gyro_mag_mean,gyro_mag_std,gyro_peak_count,gyro_peak_amplitude,jerk_y (g)_mean,jerk_y (g)_std,jerk_z (g)_mean,jerk_z (g)_std,jerk_x (g)_mean,jerk_x (g)_std,accel_dominant_freq,accel_dominant_power,accel_low_band_energy,accel_mid_band_energy,gyro_dominant_freq,gyro_dominant_power,gyro_low_band_energy,gyro_mid_band_energy,gyro_rotation_mean,gyro_rotation_std,accel_corr_xy,accel_corr_xz,accel_corr_yz,gyro_corr_xy,gyro_corr_xz,gyro_corr_yz,shot_type
0.9273369659652325,2.339849512476446,2.5039105736467837,-1.9153991794906722,5.265666858433337,7.181066037924009,3.27475743480587,-0.20746668183071457,1.2207939163266237,1.1526175243757188,-2.3875666516520604,1.9326083706665236,4.320175022318584,1.2965303455381205,0.06275999994789366,0.28360894692548144,0.33289085387866313,-0.2886700231946988,0.5957306804066207,0.8844007036013195,0.3826015232565955,-36.626450957049464,56.22923034560409,54.54432563390829,-123.76591736974783,57.06472377310923,180.83064114285705,70.4298714285714,-33.5791980420168,148.96639125612174,114.87848827149296,-328.32605632773095,161.70280338655456,490.02885971428555,116.85084371428562,-11.044722778711483,353.6066962879434,468.6213010558367,-634.5915594453777,413.2032311260502,1047.794790571428,606.2444397142855,2.343447217187718,1.5687121445047167,1.0,5.361195202493039,341.5376349580774,190.6134753582774,2.0,591.7436109871559,1.7139017715800349,2.0315364223163,1.0383466775991481,1.2743781742959748,0.2341082825242226,0.26018583481904417,0.0,0.0,0.0,0.0,0.0,0.0,0.0,0.0,109.40217997446901,41.01179800848057,0.1888318054630553,0.6665724718665708,0.7812181707897342,0.5433371798150611,-0.7646647649679423,-0.7779894480912174,clear
0.12253188236348866,1.740723263908929,0.2894514456786404,-1.129381667803643,4.451610109305779,5.580991777109422,1.114859769536335,0.009244475116666144,1.140755535011993,0.6295417584302115,-3.07733077211332,1.467260991366949,4.544591763480269,0.8335390997185538,0.025714693651778277,0.17254446803449147,0.17672524690624927,-0.20584296513299097,0.41851877447630514,0.6243617396092961,0.2188353074209362,-15.277454576097098,40.23197115797398,32.90969802513232,-73.26884279831928,75.23833434453778,148.50717714285707,53.14517099999996,-4.108866264239035,95.1624760429373,29.86120184268675,-261.22622318487385,150.7149442436974,411.94116742857125,64.02213785714284,7.987788856209142,266.0125364748412,94.27356899273063,-712.5179594453776,378.6992822689073,1091.217241714285,119.5349190714285,1.63233230690897,1.3086115823383675,1.0,4.787638460105652,204.88629452990392,199.43137264877947,2.0,593.5277387443712,0.6913304581318926,1.240862974939423,0.6775904401573164,1.0721279828591836,0.11893222609433038,0.14961440238201956,0.0,0.0,0.0,0.0,0.0,0.0,0.0,0.0,99.87907537887635,60.125822714285995,-0.1550865208586816,0.5376817422051883,0.5206594283723007,0.257987712598788,-0.49723656854194703,-0.7434841715400496,clear
-0.012679950833574193,1.9482309648526568,0.297343727119157,-1.464801860858536,5.030574812774098,6.495376673632634,0.5724849585392047,-0.00455645005209194,1.0060503189149324,0.45204910480523935,-2.462647505602893,2.344828507695402,4.807476013298295,0.7337286050056113,-0.022526224698168233,0.27681111734795744,0.2538106341028565,-0.5504478164394954,0.7279400631556551,1.2783878795951504,0.3009579756448654,-5.207858196815564,55.98091968271874,43.4622247919038,-147.38898251260494,80.18051663025206,227.569499142857,53.67973285714282,-3.0514405232198265,133.77268604373123,58.25344521968388,-403.74467375630235,215.1910071008402,618.9356808571425,68.8519114285714,-20.024328618310477,234.62807135735954,119.18269134692727,-578.2862977310921,536.1939394117644,1114.4802371428564,129.0577678571428,1.7348346275710391,1.3694536572870224,1.0,5.332053175931215,196.30482582086788,194.8875289521359,2.0,644.4737155978091,0.8232914447832651,1.3500309502344263,0.7274966977279681,1.203956543255232,0.2237973972870052,0.29913004112455993,0.0,0.0,0.0,0.0,0.0,0.0,0.0,0.0,88.25101902968315,77.25626051587352,0.047059572263428065,0.5674039420073513,0.7711138709483591,0.32404200124713783,-0.2743269639253907,-0.8226899018994787,clear
0.2563208515883894,2.138490632189945,0.523880830279339,-1.5199629039217204,5.087723707998797,6.607686611920517,2.1195787129774084,0.011245063115672286,1.111655370890281,0.7310615748593448,-1.9454302527583602,2.7914857135862907,4.736915966344651,0.9915030812631771,0.01783705407460555,0.23443734552432988,0.13676274474909852,-0.35904511327931904,0.5328492346663005,0.8918943479456196,0.1529072450367765,-9.847773103081227,48.529930216363645,23.57148262660699,-135.43520165546212,46.401410058823515,181.83661171428565,36.12562742857141,-15.725276251540617,110.63262159130392,65.03514310754049,-278.1436380420167,116.68932481512599,394.83296285714266,91.41414228571426,-14.121657178711484,303.49015014085205,220.4786235388364,-605.9717651596635,635.6020634117644,1241.5738285714278,237.53971428571418,1.9807918489542624,1.4165060390226862,1.0,5.25431325035283,253.6992088410835,207.07824101688004,2.0,655.6987420711398,0.9841272309463435,1.4523500588002882,0.9849860627026867,1.4215724917936874,0.13979215885356275,0.1778222602087322,0.0,0.0,0.0,0.0,0.0,0.0,0.0,0.0,107.41956638168074,47.980077658560496,0.15309513362153293,0.8112783637499623,0.5245109176480758,0.45303786049098577,-0.46062824634260335,-0.8057627271703013,clear
0.26736553174060496,2.109167716014487,0.38040630397284025,-1.391312849199951,5.08560607269848,6.476918921898431,2.3290295282827773,0.01791412416379797,1.0067399283498035,1.2466094626009743,-1.8135740244917837,2.2680081545673785,4.081582179059162,1.1642519025209468,0.009706494771169692,0.21352525075523773,0.1471439991108902,-0.394827951385276,0.4541556059668577,0.8489835573521337,0.18556684322212938,-14.029842322128843,47.35739334432829,22.682095395364122,-122.1175122268907,50.89603777310922,173.01354999999992,52.94731771428569,-20.651195527731083,104.79624737031276,53.86047959662897,-280.2691051848738,108.14012167226885,388.40922685714264,94.97873757142852,1.3619611641456746,298.46107355952944,96.01207894416618,-528.7579880168064,658.4573105546216,1187.2152985714279,116.27216771428567,1.9108561572723475,1.3886090075986888,1.0,5.571600331610055,234.24525202129158,219.22206502443754,2.0,622.8419325717732,0.9684328704033895,1.5039617426108132,0.8788979840209815,1.2187873052921998,0.14726977571270586,0.1803136476377968,0.0,0.0,0.0,0.0,0.0,0.0,0.0,0.0,99.90741990563096,54.437037884218704,0.24476988228686633,0.7740843758912301,0.05389626222499873,0.3290886144346094,-0.2235928189801058,-0.8121390337318533,clear
0.11897160947579541,1.9816287273636886,0.32022355285862764,-1.4587439959755113,4.975365284112999,6.43410928008851,1.9007502349280867,-0.014757254006234106,0.9540492885671522,0.710814160094544,-2.105797367240716,1.9105912436603374,4.016388610901053,1.1798879856148716,-0.0029892994804201697,0.15492767384024655,0.15478874715761906,-0.3905686620586202,0.250550436052722,0.6411190981113422,0.17283320622177042,-13.515552058823523,44.84419515783177,32.93801530390515,-107.50425536974784,54.49336720168065,161.99762257142848,50.615814857142816,-5.67219804201681,98.0557321387255,64.57456171474523,-248.6784806134453,140.79318195798314,389.4716625714284,77.65876599999997,5.481131815126045,279.19886126211475,65.22355728067579,-563.7980340168064,614.742399983193,1178.5404339999993,93.37699457142854,1.7928580735434327,1.2888389840079524,1.0,5.3300779749913385,211.24642333874368,212.597666932924,2.0,615.7335442412584,0.8577395133888567,1.3682261691983717,0.7608465003940995,1.1215759742286155,0.08836092687522573,0.12573478611581307,0.0,0.0,0.0,0.0,0.0,0.0,0.0,0.0,98.8000103174539,46.38318447635167,0.1331706295807034,0.5242054300714414,0.14484546570788787,0.2549424952872179,0.02328903787633315,-0.8185971360903812,clear
0.0077139819541785625,2.1217230674090315,0.4133101745412656,-1.996032557886532,6.041807130467712,8.037839688354243,2.260155663092843,-0.0017051524544659134,0.9748314772210485,0.7202964027640942,-2.6770502832471608,1.729153775728745,4.406204058975906,1.2243201399073134,-0.0010378086407696477,0.1780481530702982,0.16752411188383984,-0.41626651641970663,0.33846102282624924,0.7547275392459558,0.21811499468730466,-13.440999615779639,47.7466857359414,36.32084464063326,-148.59339336974782,64.56612177310922,213.15951514285703,43.394167999999986,-8.729331018207285,96.52490918019849,36.59540668647672,-311.3020451848738,118.78186310084028,430.0839082857141,58.865818428571394,-0.9180446437908429,282.4183152826965,64.14072201816519,-714.6643700168063,623.2004211260502,1337.8647911428566,84.76301078571424,1.9174497355652846,1.3443051477466657,2.0,5.822651321018027,206.73385549011593,221.07855253051014,4.0,652.7428347379745,0.9863776472824972,1.4587111988227466,0.7271260517504043,1.0823893578278982,0.13608764999710368,0.168919224086016,0.0,0.0,0.0,0.0,0.0,0.0,0.0,0.0,85.0196743630156,61.62693043112783,0.10708948409692251,0.6588772787268615,0.19110173892602159,0.3943422994839988,-0.35446325742015566,-0.7159359642419361,clear
0.1268715868736202,2.1043619410669865,0.2987211527953073,-1.447684696368519,5.191378456401859,6.639063152770378,1.871754905017647,0.007663592049447027,0.9094752169245445,0.827403594182417,-1.5788005155790081,2.3192121305930065,3.8980126461720146,0.9426826551807463,0.005083208197745749,0.20750427499439272,0.07820000437944678,-0.4394973011547782,0.38572591876074497,0.8252232199155232,0.2213094827601722,-1.9295223518907552,42.75317276883887,26.804618700540175,-115.55900908403353,53.279045773109225,168.83805485714277,33.1684867142857,-14.472499917016798,101.36318083202653,55.50060109964001,-282.0083697563024,75.47525167226887,357.48362142857127,67.39935407142856,-9.285722409663858,268.15457489707234,90.20586765798795,-495.37969458823505,636.5912236974787,1131.9709182857137,125.45518192857138,1.8712975850259754,1.3464652579374548,1.0,5.688377629285893,209.73131008841222,200.80184951349423,2.0,598.999396525314,0.9465306786256363,1.474008919336661,0.8554481679228622,1.1939321597910935,0.12425744078113635,0.17059059721630204,0.0,0.0,0.0,0.0,0.0,0.0,0.0,0.0,90.88348385814186,34.877286400409595,0.27825457658030794,0.6778608032071848,-0.004681326586332001,0.1717576270483138,-0.12401137976244585,-0.7561500502661049,clear
0.14184148540557562,1.6741941233826365,0.6311154269575777,-1.842564560474011,5.566209793595388,7.408774354069399,0.8214467093257893,-0.034287386911715435,0.7760542424558571,0.5405638948151872,-1.7128321550097272,1.823959191120808,3.536791346130535,0.697993537571831,0.0034248408610882777,0.2444881784738102,0.28922372602081864,-0.43559234485340614,0.44360497985721936,0.8791973247106255,0.3864265231352426,14.196735427871145,61.434615739337715,28.761034748441492,-154.80107022689066,135.43284063025203,290.2339108571427,34.639131785714284,-6.439138839635857,93.85069435702059,45.77891910931084,-299.73883432773096,120.25739424369743,419.9962285714284,90.82850428571425,-0.11640494537815964,227.64485445676897,80.11711199678474,-534.4873191596635,611.7836659831929,1146.2709851428563,109.14123421428565,1.2872317024833857,1.3525167374033016,1.0,5.7550021809768985,179.49215693646093,180.08312957407136,2.0,608.3554853723974,0.7323111224335027,1.2365102931905827,0.5415179342308668,0.8796125990783035,0.13982770834873628,0.18108015494414914,0.0,0.0,0.0,0.0,0.0,0.0,0.0,0.0,84.0437395667904,46.05355384954227,0.3142191410452654,0.5532328937161317,-0.042838072148619274,0.16795487218144137,-0.4594705149509262,-0.584086830776181,clear
-0.1679655472624693,0.24597591479063918,0.16028159456669738,-0.7659359753502076,0.05059607576440931,0.8165320511146169,0.34346164228872167,0.019172292061873274,0.03067665228211359,0.013557652309249671,-0.008610005797858847,0.09570423494965931,0.10431424074751816,0.038176701780319365,-0.015137702857542757,0.03223130741201934,0.01187414213488772,-0.13911303384337834,0.007072481971779848,0.14618551581515818,0.023669123190271108,27.42556013025209,3.5381720766097664,1.2527143663107771,14.95986491596638,32.72112348739494,17.761258571428563,2.711688428571417,27.010349572268893,1.6586575212593804,0.5815037005384772,24.652860529411747,33.31403910084032,8.661178571428572,0.8207619285714429,7.81619482605042,2.4107135780710935,0.8058470440367022,-1.433153731092433,10.054053126050416,11.48720685714285,1.5359991428571425,0.20008718087936983,0.2264030405614151,0.0,0.0,39.514519866002914,1.5802848364474704,1.0,42.731947210151006,0.04310778596671156,0.03885516507697097,0.010950876259685088,0.024689508486913703,0.009435363011934282,0.020614982832478455,0.0,0.0,0.0,0.0,0.0,0.0,0.0,0.0,15.83062967814703,0.5877243843553734,-0.706168288906283,0.8640295628555666,-0.2784034353848675,-0.8691909274324648,0.906544880945055,-0.8962880609640775,clear
0.02601545069803614,1.3985648442966003,0.4676866492765182,-1.1459315344225172,5.158553237011523,6.30448477143404,0.6105720123920163,-0.01706488039529793,0.8827292230464866,0.11795007082366994,-3.2197472131813285,2.3271084168366127,5.546855630017941,0.1594578185917105,0.010808372321620175,0.6042328486852986,0.21765898145743143,-0.7992566966920918,2.30592101945468,3.105177716146772,0.27627407297912454,5.715836348478007,47.50179583753857,15.387126549869738,-120.05678781900961,115.63709418099026,235.69388199999986,37.77893028571427,10.199209976115242,70.1647330501069,13.719515060123813,-263.7329940091063,118.0939122766078,381.8269062857141,30.962602785714274,-5.033962547857831,143.5259528678796,28.89078574059561,-435.13233279908906,408.175429772339,843.307762571428,86.72195071428567,1.0967911796226935,1.3778337284973867,2.0,5.374364957533903,119.42467838107673,116.95721935915645,6.0,355.57209056983174,0.4866523547898429,1.0496967652983833,0.45803200933914884,0.9188440940678122,0.24666985803919522,0.5695224728909298,0.0,0.0,0.0,0.0,0.0,0.0,0.0,0.0,48.20494724257594,38.71164852582661,-0.1881515787651774,0.7777426200355296,-0.6573644224034708,-0.56469694280537,-0.4871162999828269,0.28342151981641134,smash
-0.21338553501790672,0.31411243961992613,0.18824888202715695,-1.0411620066013443,0.05597587624553288,1.0971378828468772,0.38961482950484405,0.04261653462641438,0.05784568284266833,0.04759095353141927,-0.01758992450354682,0.16607363951086937,0.1836635640144162,0.09363666169606329,-0.06689810795382387,0.1141237846021666,0.0438712733796485,-0.3779323161178243,0.01681809902956209,0.3947504151473864,0.1062177820925199,20.965395652418888,14.343654394086563,0.561573290715407,-35.66300610472394,27.176026180990313,62.839032285714254,0.7312199285714307,36.015813262322126,8.60565223126561,0.6225728409926489,32.46780341946498,68.32864313375066,35.86083971428568,0.7050219285714263,-25.825195756232212,11.782455544819848,0.8893876548434712,-68.29967508480361,-20.63039679908935,47.669278285714256,1.0553367857142817,0.262191809039081,0.3132368970260308,0.0,0.0,51.45282481589142,13.223392321562843,0.0,0.0,0.058019483274268285,0.0610575772479304,0.018251530111030218,0.028907776815358475,0.021009068185903857,0.030017998425668494,0.0,0.0,0.0,0.0,0.0,0.0,0.0,0.0,20.308405217175363,2.5673657177891966,-0.7048198144134912,0.9887980513950547,-0.6323590388712187,-0.9947042694722078,0.9840711895976529,-0.9951530825775762,smash
0.1733536215797268,1.6559315786493742,0.3928139329923505,-1.1459315344225172,5.158553237011523,6.30448477143404,0.5372927909813769,-0.1503610663358028,0.9899649078854749,0.1457582768093126,-3.0579198433636794,2.188963629189671,5.24688347255335,0.2314384966388904,0.04968242046857183,0.7605155879026877,0.21466546540716136,-0.7992566966920918,2.30592101945468,3.105177716146772,0.28798352364544494,0.69621963813318,54.071614343253195,17.596224823674454,-120.05678781900961,85.8900996095617,205.9468874285713,48.83865242857139,9.940413505179272,75.62356319289368,17.788650918413026,-195.66974829482064,118.0939122766078,313.76366057142843,14.024775714285695,-1.188946927660787,171.9817081819823,32.44694377288568,-433.35841708480336,408.175429772339,841.5338468571424,135.9946817142856,1.3687123955250153,1.575524839880385,1.0,5.47915763512875,144.2425624631793,132.34486785727162,3.0,367.84858954201604,0.7231376987346697,1.3095812015211825,0.6172874464397626,1.1150963215905594,0.3882749704774987,0.7629352208808399,0.0,0.0,0.0,0.0,0.0,0.0,0.0,0.0,55.23838121156123,34.35519715772764,-0.0961526425444133,0.7071814347506744,-0.7187874092143411,-0.6055592953725011,-0.43704416354709097,0.3280467282948789,smash
0.13089994914522546,1.6608953077530992,0.23084855257876183,-1.1459315344225172,5.158553237011523,6.30448477143404,0.32560330653054453,-0.012794459035442149,1.074800122472681,0.316584081278363,-3.0579198433636794,2.188963629189671,5.24688347255335,0.37218592100971093,0.04832437357191483,0.7593177205417082,0.16623943289171533,-0.7992566966920918,2.30592101945468,3.105177716146772,0.24406809798381357,-3.2601354190096736,58.0724556848179,27.31039319776052,-120.05678781900961,85.8900996095617,205.9468874285713,75.5133439285714,5.965783890893563,74.2430381628932,27.3782463944933,-195.66974829482064,118.0939122766078,313.76366057142843,29.124700071428556,-2.1488922562322195,174.29841833584712,89.18915433641956,-433.35841708480336,408.175429772339,841.5338468571424,155.469925142857,1.5067001967762867,1.4966028812934506,1.0,5.47915763512875,151.32726827825869,128.12209853515463,3.0,367.84858954201604,0.7044237947889982,1.307851096527219,0.7197959810622623,1.140246785015987,0.4010273878085342,0.766257600855587,0.0,0.0,0.0,0.0,0.0,0.0,0.0,0.0,57.9910852880942,31.80665915794784,-0.1414285361776871,0.7002522811994746,-0.670507013812976,-0.5492239397066636,-0.4734698206594392,0.3386364653515998,smash
0.050096522448779046,1.6530384647174057,0.22051052530882956,-1.0146601414445025,5.0162242292699135,6.030884370714416,0.24779393639079905,0.23558557118151446,0.785124107914872,0.11249324304780006,-2.1525335569912465,2.3271084168366127,4.479641973827859,0.2757135268775541,-0.010960618016261891,0.6233732448941737,0.07652238303789236,-0.4298936611364314,2.0292810066718254,2.4591746678082567,0.12923731745018743,18.85326449527603,43.54673091907704,22.018180615109074,-87.92703239043821,115.63709418099026,203.56412657142846,38.786077499999976,-5.970995980534994,85.40617110674809,12.422260781565303,-263.7329940091063,51.70410656232211,315.4371005714284,36.033991857142844,-18.177414627660777,159.9300867176639,29.37970050898776,-435.13233279908906,324.6553246294819,759.787657428571,44.47719957142855,1.347639343431686,1.4069643887486942,1.0,5.269572279939054,134.8353533165148,131.56408608757198,1.0,337.24923676938727,0.41936959827787,0.862703202248487,0.44943792717141473,0.8705334389019208,0.1650668207523082,0.4476847820984035,0.0,0.0,0.0,0.0,0.0,0.0,0.0,0.0,54.13197844844416,49.11411417732817,-0.27163020983983827,0.8838092685833263,-0.5721063527714997,-0.6449309382444347,-0.48762318928298587,0.20932378341691782,smash
0.10039887195279237,1.666566627220835,0.27130309266457103,-1.0146601414445025,5.0162242292699135,6.030884370714416,0.27330896632496615,-0.028407024087877143,1.061816218823381,0.35202441667807627,-3.2197472131813285,2.3271084168366127,5.546855630017941,0.41062994527083607,0.0412133792656037,0.6795688769820121,0.17356319194261982,-0.4298936611364314,2.0292810066718254,2.4591746678082567,0.21165666655887527,0.42010433813317877,51.350093501924526,34.35416496117387,-80.74156467615249,115.63709418099026,196.37865885714274,44.466755357142844,-9.246067337677854,87.65757669059829,42.387805203186076,-263.7329940091063,116.18242456232208,379.91541857142835,53.70763935714284,10.53700254376777,169.2497846262431,106.3854129000008,-435.13233279908906,324.6553246294819,759.787657428571,107.63212649999996,1.4898950698285824,1.4695271280664062,1.0,5.269572279939054,148.24427726200358,131.09729738059266,3.0,343.2955915976473,0.6912230182681068,1.2596294054643502,0.6486354190425638,1.1119796428667594,0.31674391461961593,0.6199547912751473,0.0,0.0,0.0,0.0,0.0,0.0,0.0,0.0,59.28662222578301,47.99682675267571,-0.2404541006095929,0.8551383947183073,-0.6450731141460558,-0.7721751814301537,-0.5309984378645575,0.3218399799089375,smash
-0.5952242347215231,0.4106839495482988,0.10025149877376216,-1.2712324375309185,0.8832786814805372,2.1545111190114556,0.2119440252936351,-0.007151687874655121,0.7925285494137876,0.1779421307215064,-3.2197472131813285,0.719692856340537,3.9394400695218654,0.22571553180002127,-0.14581830285981306,0.32052274212554305,0.14046649737649408,-0.37364952039177873,1.1829645707487566,1.5566140911405353,0.1958653359371636,-12.419367219009668,38.09353680362638,26.485449178147896,-80.74156467615249,25.061183323847455,105.80274799999995,71.06822878571424,32.363205305179264,28.4130373985266,20.829917508840545,-14.35479800910646,116.18242456232208,130.53722257142854,26.752635499999982,-0.07033415623222297,71.35847571605788,42.55766100895135,-187.73770079908934,163.18982662948198,350.92752742857135,99.27078971428566,0.9310192103889682,0.638988951271528,0.0,0.0,80.22230199500669,46.00494806213572,2.0,162.1368703525815,0.1787470084764178,0.437671414692758,0.2646729871830043,0.6391841410823751,0.14343587449973363,0.3617756490837571,0.0,0.0,0.0,0.0,0.0,0.0,0.0,0.0,31.503487858404288,14.080830750012336,-0.7150717094015984,0.9032348588289555,-0.8197374266059928,-0.24848046067669155,-0.7215044261736578,0.272877975509531,smash
0.12154118457494267,1.9035770643650685,0.15264923100315833,-1.2712324375309185,5.78346685489211,7.054699292423028,0.23428736769250047,-0.13088634308567032,1.075390659641218,0.17652701265756246,-3.471284409526835,2.028340555652513,5.499624965179348,0.2756421502435654,0.02426456212875784,0.6266372454941224,0.16176952974027758,-0.40158682692591247,1.9467560347078985,2.348342861633811,0.1906698255747717,-11.786355990438242,57.48124815909053,39.20980625855782,-129.69031153329533,87.827541895276,217.51785342857133,78.09271678571425,-6.164248751963573,103.6813620719249,28.543850467455773,-308.70042343767767,97.95036513375068,406.65078857142834,41.98335685714283,19.0771898723392,149.7030298818832,99.22310836001985,-297.4445253705176,414.32723834376753,711.7717637142852,114.25674449999994,1.592667097817009,1.6335999287222784,1.0,5.893035145741289,149.3627506953373,121.22928654079332,3.0,348.0008240008527,0.8278502377558169,1.4917948807241124,0.6264607839114525,1.0408279703645142,0.27853707571741887,0.5090219637977034,0.0,0.0,0.0,0.0,0.0,0.0,0.0,0.0,61.838818060330496,46.566784216486354,-0.17596429755975945,0.8051115847294692,-0.6930477026862679,-0.5087385544013674,-0.4951485457114828,-0.1033198094599782,smash
0.2823943491598952,1.8255690582157083,0.11420524939115423,-1.2698201260570439,5.78346685489211,7.053286980949154,0.15103712053392743,-0.03593646368844816,1.1258814810059619,0.380612887138514,-3.471284409526835,2.028340555652513,5.499624965179348,0.37998322618841557,0.08607525454391016,0.601544115377547,0.13238354081676176,-0.40158682692591247,1.9467560347078985,2.348342861633811,0.17555864425984286,-1.596674647581103,58.672005790170964,42.29406577171818,-129.69031153329533,87.827541895276,217.51785342857133,59.289845142857104,-12.606680294820714,101.27222651008587,28.87128740341908,-308.70042343767767,97.95036513375068,406.65078857142834,40.157936499999984,22.238161415196334,148.85052680364274,99.22310836001985,-297.4445253705176,414.32723834376753,711.7717637142852,108.93570178571423,1.4886900494246735,1.6835723038767165,1.0,5.893035145741289,145.67383525686392,123.65312271893666,3.0,348.0008240008527,0.7728495409896493,1.482760239993811,0.6706177341401093,1.0503259622880639,0.2757118390089273,0.5086139046461657,0.0,0.0,0.0,0.0,0.0,0.0,0.0,0.0,60.31862361451896,47.71247794250639,-0.19378357512122918,0.7850027676752527,-0.683560012751764,-0.43572900026885514,-0.5336861731786419,-0.08689436236759009,smash
0.03212340708311068,1.6075123082461236,0.14962944952485768,-1.0083406139662698,5.099604265472576,6.107944879438845,0.19091973279942298,0.24147046033025363,0.5618974199257529,0.11209508618376883,-1.537325071801384,1.4088101037593175,2.9461351755607015,0.3393904435447654,-0.07359640570450074,0.48612920350408656,0.09307684625608269,-0.3679865928109874,1.9985480384940753,2.3665346313050626,0.11890448825808436,16.421222938133177,33.938947534876945,14.807773469749383,-41.84650724758109,97.52673589527598,139.37324314285706,42.329607214285694,-7.630814251963569,94.07447597015091,12.38004410699399,-262.2380394376777,56.56242970517925,318.8004691428569,36.253688571428555,-21.351582913375065,186.49184731510599,17.364261328373733,-643.9618596562318,434.93893062948183,1078.9007902857136,40.979941428571415,1.1623998092397443,1.3600474789830963,0.0,0.0,132.30781433717303,167.50966106763263,1.0,461.6187281820815,0.37107008109399425,0.8637734603377837,0.29664570597288187,0.7017167705311612,0.14894371948009147,0.4479781390094452,0.0,0.0,0.0,0.0,0.0,0.0,0.0,0.0,51.849460439546384,50.66147567923333,-0.17896677154913845,0.7813845286338857,-0.6127230883365057,-0.5085484768370125,-0.7558346003611685,0.34958925445386746,smash
0.24413346716032305,1.0768796550301287,0.11481984991484014,-0.7058073288623317,2.6006988005954352,3.306506129457767,1.0208437656412284,-0.004198224652918117,0.8931549166983118,0.3183842224116957,-1.6912182511337297,2.1022161451880064,3.793434396321736,0.353845248194648,0.008729942055623129,0.18567213683130995,0.2756413868031617,-0.27559485505637576,0.26213795723597705,0.5377328122923528,0.33854126292900677,1.5624720733851292,35.02574205691998,51.4409117472861,-45.214876809731734,59.0471514759825,104.26202828571424,66.48988442857139,6.902784069188453,42.8667261158036,14.95441511357797,-84.48764686587643,73.85505627698062,158.34270314285703,21.810721142857133,1.480116747802412,165.07354819001216,176.33544886718687,-280.6433692002493,296.8136067997503,577.4569759999996,190.48601885714277,1.1230056179672152,0.889057370373817,1.0,2.698196448993285,145.25271411676144,96.26819132378527,2.0,301.43692511526933,0.6790524173277073,0.9775915790094845,0.9467428454256538,1.2590094334081126,0.13495464070716268,0.18606237898647301,0.0,0.0,0.0,0.0,0.0,0.0,0.0,0.0,61.99544160864753,30.07534942286113,0.26680155196805794,-0.2834666673349956,0.6301028823782531,-0.15898178640787708,-0.0683730224667086,-0.8538077434212888,drive
0.2625348450457043,1.2565842090921395,0.3265017217412967,-0.7841441880468549,3.0100395066305325,3.7941836946773875,1.2404959482716125,-0.022148826437454274,0.8966317086588382,0.3722744569124421,-1.683598358137583,2.066513409417309,3.750111767554892,0.4437746563508448,0.02607094537635455,0.2930551175656624,0.26873410401554704,-0.49004436204482305,0.6204258473793035,1.1104702094241266,0.35213236618993926,-4.568952394147334,49.90677650439855,31.871889180197424,-65.79997395258887,113.3450891902682,179.14506314285705,57.93941857142854,-6.800205281460893,94.62113841326294,49.997884417998776,-200.8817982944478,134.4687702769806,335.3505685714284,60.3442604285714,-11.294524550898872,173.77605961192216,177.1757340073554,-321.40787177167783,294.94944194260745,616.3573137142853,200.62770314285706,1.2642636612535765,0.9698277176106368,1.0,3.012988531158921,170.96654568395738,112.28129732731239,2.0,355.04600285414904,0.7841533675553761,1.1171001892903623,0.9896920603189885,1.3024166078469712,0.29082310214803264,0.3381711817464701,0.0,0.0,0.0,0.0,0.0,0.0,0.0,0.0,72.48317312125631,36.41079808311038,0.2511926592032107,0.3311117603917947,0.8643762466845126,0.05316177048259342,-0.41226176839778317,-0.906674645803518,drive
0.21530103344219942,1.1650401439677633,0.6150404838611772,-0.8575298157006149,2.8340709147992023,3.6916007304998173,1.09877119617361,0.0057155921386406235,0.5237958177230724,0.2163470892240984,-0.9799893413025924,1.0310533841004401,2.0110427254030325,0.22685334042071864,0.0211791351084827,0.23710085860614813,0.29262827033711797,-0.2713177406044492,0.5282026733161145,0.7995204139205636,0.28943997761412804,18.639722878579928,40.71718393532247,28.739748816590108,-27.661137381160312,103.64329061883964,131.30442799999994,57.39912442857142,-3.121342710032327,77.45786729934737,47.40608182173089,-182.77904915159067,102.06486541983776,284.8439145714284,44.153767571428546,0.5731954750751533,167.69663775087898,130.24312416930866,-253.55278662882068,374.1802982283217,627.7330848571423,143.37857171428567,1.0542823502877727,0.7894440433005933,1.0,2.9868208908426683,150.1748515679283,116.55383797216973,2.0,350.22883214090905,0.7860611658634937,1.0463665807922131,0.4351951615726401,0.600504334735768,0.21113850331962167,0.2553015291367618,0.0,0.0,0.0,0.0,0.0,0.0,0.0,0.0,65.10515583108386,26.600960049246602,0.5338917723011133,0.5782063825766434,0.8740924709686078,0.03489223553775644,-0.2584101118516038,-0.9495104079043918,drive
0.19335126672630673,1.0570449735737006,0.41071811071603026,-0.8081088233945579,2.3120484520332396,3.1201572754277977,0.8415416990674631,0.03137374875153493,0.8778926719294758,0.36126463690412786,-1.5481988212225557,2.060398820511062,3.608597641733618,0.4034023368377424,0.03994881283983942,0.3410588168561623,0.2370138228842521,-0.5394452677756479,0.8233282397042239,1.3627735074798717,0.3313836324638987,11.204523268190316,50.21290602325523,65.62233576459167,-62.63375452401744,109.06763204741105,171.7013865714285,67.20804671428567,-5.381713203538815,89.81101461703302,45.26958213075971,-178.81539172301925,128.38997941983774,307.20537114285696,63.08247957142854,-9.220048395054718,143.8726462544876,91.21434131182687,-251.6934766288208,251.0415936568932,502.735070285714,146.72752471428566,1.11582620832326,0.8940120474925747,2.0,2.439413533052824,150.27628372891445,94.56872970393867,2.0,298.6515309073443,0.6543143026531512,0.9962228452087825,0.9789493781897238,1.3239485614870665,0.3433985149658629,0.411623454060997,0.0,0.0,0.0,0.0,0.0,0.0,0.0,0.0,64.06243526350093,31.774890408993834,0.44392164028950803,0.6549974473609965,0.8839676607507954,0.04525608660963551,-0.24575424056548384,-0.9394689812096464,drive
0.18357889527536345,0.9953577358756024,0.12870719007731773,-0.7191997532407314,2.428804744928388,3.148004498169119,0.8913107693051423,0.04490694246579849,0.5684253677825023,0.48993577112778314,-1.0542074912536932,1.3127273544800224,2.3669348457337156,0.419354647402011,0.07067706475495333,0.24215452018581174,0.23672559344152191,-0.3541585428618814,0.6062356235516023,0.9603941664134837,0.249480627363957,7.163768333125383,57.875752735122504,69.58965010311934,-56.264515095446015,130.26549604741103,186.53001114285706,92.89534957142853,-6.695439930811545,95.0470796984965,71.20023266312951,-221.27091686587633,98.86349941983777,320.1344162857141,98.16256642857138,-3.793638317132651,169.42889610536778,120.3358186868201,-240.320614914535,367.42963451403597,607.750249428571,183.5569168571428,0.9471241276391956,0.7184373398917382,1.0,2.5297551651054255,174.68286500969865,103.37377716633608,2.0,350.1763528197838,0.6752584941949561,0.895931783460895,0.5664930425799849,0.772813500856172,0.24821450064219083,0.28521186977999424,0.0,0.0,0.0,0.0,0.0,0.0,0.0,0.0,75.89946123723713,26.689270890667157,0.5371048854848152,0.6546506766256635,0.8220382591458981,-0.28729965702908244,0.01039956787152652,-0.9117696545448962,drive
0.18809755025662286,1.1113094720831636,0.15729776788167105,-0.8870750562447209,2.8398993182969448,3.7269743745416655,0.6151935313738686,0.033652089387660546,0.5733199783806224,0.2582594088735374,-1.1778223513887027,1.4058433048478056,2.5836656562365086,0.2861410710488642,0.060000442064981785,0.16124931051670685,0.15584833133667406,-0.2267102041202964,0.43561591246041503,0.6623261165807115,0.19176236795557414,1.4901909997920548,51.35703066021146,46.33671748297762,-57.421928238303146,117.98782033312534,175.40974857142848,77.8512774285714,-3.7426823896859993,106.85610655782715,57.97446290122607,-255.82345200873348,136.0079945626949,391.8314465714284,83.34452514285711,-10.482819343106659,169.7183816744777,144.048821413792,-285.9047857716778,348.16372622832176,634.0685119999996,195.75100949999995,0.9861876548624441,0.8107114125703636,1.0,2.882203327023893,174.2990720336694,112.27667841276369,2.0,377.71704782676557,0.7094907281205459,0.9898210019122832,0.5535126936381706,0.7697667019411406,0.18777122620404316,0.2139163876299055,0.0,0.0,0.0,0.0,0.0,0.0,0.0,0.0,79.07069062760459,29.86197973555915,0.32794942476518824,0.4969689860930067,0.7294386218140024,-0.055243031453727484,-0.2745645659095782,-0.8793057949289708,drive
0.10982967475448997,0.9173839273258366,0.19424119668366568,-0.8584489944523441,2.30146036179235,3.159909356244694,0.5060968726094979,0.0637056618167953,0.49329347185321454,0.21339786899431124,-0.8871762697126607,1.2460949538683588,2.1332712235810196,0.2646095445839087,0.08352081593304267,0.23571260360108465,0.1805129901117067,-0.33722999954442745,0.595621514769828,0.9328515143142555,0.24788378546727066,2.7872050474111028,56.334771476932936,60.366092594363394,-76.64878423830314,117.25636404741104,193.90514828571418,74.51805371428568,-9.077657770638384,95.06648996022459,73.87860080233055,-231.72454372301922,108.24559027698062,339.97013399999986,90.35869921428566,-10.737539795487615,164.74810824586237,111.52228202280264,-249.29286491453504,358.4519927997503,607.7448577142853,165.58010007142852,0.8456034024494595,0.6697340757714122,1.0,2.4175753957188064,169.78423088566356,103.59519895876753,2.0,352.33037723879374,0.6183266998040676,0.8236297761130593,0.45732441474098595,0.6164190854409928,0.20834016154830923,0.2607227392370866,0.0,0.0,0.0,0.0,0.0,0.0,0.0,0.0,75.43666678678844,29.284499277402556,0.5876884390651556,0.733133467175646,0.8681047205355615,-0.04561036224896886,-0.10170874932715102,-0.9345170592988334,drive
0.15982074256742673,1.0162798529898582,0.27045353338570494,-0.912531243190949,2.535682767521091,3.4482140107120403,0.684644052581983,0.03470110370790406,0.6467677408126846,0.4249051889006986,-1.1851537450688814,1.6727911065453107,2.8579448516141923,0.427263441049799,0.07371427882565441,0.23241679277506877,0.17070815346363752,-0.27908312316153766,0.6363312312371218,0.9154143543986595,0.24370896120638993,-0.839565381160322,43.61886015551871,47.73341073953256,-73.43006080973171,80.57044519026823,154.00050599999994,62.80485999999997,-4.04146979444791,92.72605621533145,56.35100309374691,-209.34943029444779,112.71569456269486,322.0651248571427,78.97268728571424,3.43237841879808,180.6360828612523,129.71690861170117,-272.79330205739217,379.48210051403595,652.2754025714281,214.14997221428564,0.9488873419843281,0.7980878768600203,1.0,2.6043479245246397,175.23742309988498,111.58309015716989,2.0,366.77081393751257,0.6747101930408336,0.9144965415985021,0.6714386285196934,0.90617227472517,0.24505268474882527,0.28353369133636125,0.0,0.0,0.0,0.0,0.0,0.0,0.0,0.0,79.05786882332376,31.49032075473226,0.4932190979818267,0.6401035883026236,0.8687388563500379,0.01947239688827258,-0.16557671242026112,-0.9380737246228638,drive
0.10103292943844515,0.9117424494983131,0.32465180947748307,-0.7627017908051497,2.1536685400341726,2.9163703308393223,0.9605968056984059,0.0476457760911445,0.6571055136367969,0.2986722648229725,-1.0583341132878608,1.7258886700377964,2.7842227833256574,0.3205294269114909,0.08895518893550051,0.2806009135021837,0.2417889018774629,-0.35897345402485453,0.7187062849032151,1.0776797389280697,0.2895691922241712,-7.264941952588892,47.86446274670095,70.60637719170836,-71.04929795258886,59.04909433312536,130.09839228571423,89.24899114285708,-12.178545627781242,95.47176214478866,54.1472792529843,-241.85907772301923,105.9108628484092,347.76994057142844,84.80584871428567,-8.745279462154286,147.33076654258116,79.86444141989878,-225.9569623431066,347.6634779426074,573.620440285714,118.65702071428566,0.929048248464336,0.7064410615199715,2.0,2.093416761359692,151.39623966076365,102.31800338024682,2.0,339.54443643528396,0.5786596181023169,0.7878019684377834,0.6796696529133198,0.9291373383825775,0.24501602311216483,0.28202235341570564,0.0,0.0,0.0,0.0,0.0,0.0,0.0,0.0,68.65413008887506,23.959352974168674,0.5733044885791913,0.8310153509708269,0.7823028759861449,-0.25271787630400133,0.08679639427810132,-0.9347442977074097,drive
0.09634160856788414,0.818772889061924,0.17224660784191612,-0.7058073288623317,2.6006988005954352,3.306506129457767,0.2703134818971463,-0.01244692291433655,0.6596517082207561,0.02010563481502876,-1.6912182511337297,2.1022161451880064,3.793434396321736,0.025921038268905305,-0.008083304050681977,0.12190352927120972,0.03066460493761573,-0.27559485505637576,0.26213795723597705,0.5377328122923528,0.034687236457083305,10.608450204553955,16.365950428359692,3.423788976418438,-9.00705052401747,59.0471514759825,68.05420199999998,10.35115328571428,5.682056019837804,31.618113561191983,1.6537000213293866,-84.48764686587643,73.85505627698062,158.34270314285703,2.495606857142855,9.224381028321886,121.07846026571345,1.5311843398019096,-280.6433692002493,296.8136067997503,577.4569759999996,4.206394357142855,0.6464906211916858,0.8437664003841318,1.0,2.698196448993285,74.69292195686816,102.8514684881254,2.0,301.43692511526933,0.37731025508834426,0.7113230037311851,0.44272852178808186,0.8929205808167264,0.05717550914110098,0.12220864744503275,0.0,0.0,0.0,0.0,0.0,0.0,0.0,0.0,28.711570707268475,32.34765812131166,0.2643719894143977,-0.26963525208187533,0.6752349032076858,-0.11267166748551416,-0.27095322363047897,-0.8497012706425174,drive
-0.007243896790057021,0.051306468434962824,0.027514557189937585,-0.16117616276830135,0.09127447282326724,0.2524506355915686,0.040998886887954174,0.01493622406743756,0.07531711602960973,0.08599630081654791,-0.11200235182248137,0.13776914479670224,0.24977149661918363,0.11110298278491665,-0.003046738148135732,0.03415212423686431,0.036572665518042724,-0.09304823008969937,0.05076016608338163,0.143808396173081,0.05152585302692228,13.052751765580593,38.1006161736637,40.883369549009785,-34.83659796713826,107.80877431857593,142.6453722857142,63.77897028571426,52.50928287802003,8.766303091075152,6.756512288569926,32.929272223642165,66.606297080785,33.67702485714283,12.778555571428555,5.803917327807303,19.215830972883946,13.732277300020694,-15.888487778183471,51.501994221816496,67.39048199999996,23.78397285714285,0.08909299160232968,0.04264593240819065,3.0,0.1575114302862769,68.1442752483236,14.676358776018365,3.0,94.23130264133961,0.02586063262246659,0.032752789352998364,0.028094971178952415,0.03462257342068083,0.016043074567917003,0.01899788093230287,0.0,0.0,0.0,0.0,0.0,0.0,0.0,0.0,27.766344049598576,4.426981958217785,0.6604803790044822,-0.4288252086682161,-0.5036714697551938,-0.8535274806123345,0.578018737847822,-0.25081813437058875,lift
0.35726658592961735,1.5291265897988364,0.6137508659999926,-1.104088617581962,4.432087581752736,5.536176199334697,0.9100323889324962,0.021226322554256577,0.7456333440549991,0.21969208074964203,-2.161620648118803,1.4192205539112772,3.58084120203008,0.3449308270740033,0.1123915906035525,0.5250810623662874,0.32851636072208495,-0.5702859876197098,1.2095210412370294,1.7798070288567391,0.4911573068972074,26.16563619000455,121.6397776717662,15.403815779442816,-132.28298339570966,301.98089374714726,434.2638771428569,79.94000935714283,-0.4897589192149539,105.1135759616149,6.269321998358258,-235.8160877763577,171.40849279507066,407.22458057142836,120.91442464285709,-10.881565649612057,254.91839396960688,35.134194817378784,-442.36261920675474,636.261315078959,1078.6239342857139,58.71522414285711,1.276730624883206,1.2963749784560346,1.0,4.567199722485716,232.38156398409834,193.98604207477527,2.0,558.1342822496405,0.48351016930286816,0.908108835073929,0.40810083329109215,0.6631426161257044,0.19542522009203497,0.2986483766879223,0.0,0.0,0.0,0.0,0.0,0.0,0.0,0.0,95.32834586244579,72.92375605861426,-0.18068108626615503,0.4548942420590837,-0.6836977835399549,-0.30546642429413506,-0.4434973906664444,0.4930172360759482,lift
0.21090840847531817,1.609257955919734,0.760563373322946,-1.1993592453228483,4.432087581752736,5.631446827075584,1.2189800493414225,-0.01436721201056235,0.7755287036453549,0.5678983567178326,-2.161620648118803,1.4192205539112772,3.58084120203008,0.751318906144707,0.08962597556305504,0.5529355939137852,0.3318012681422951,-0.7469002200601056,1.2095210412370294,1.956421261297135,0.551339458495888,-7.2754859671382945,141.26423239124296,54.450522026944384,-134.59655510999536,301.98089374714726,436.5774488571426,146.17709414285707,-10.227215619214956,100.91857750674204,48.678363572121505,-235.8160877763577,171.40849279507066,407.22458057142836,116.46182099999993,6.651039336102242,260.0936955083057,96.40213167862518,-442.36261920675474,636.261315078959,1078.6239342857139,236.6875272857142,1.4550878468031887,1.196801845341756,1.0,4.567199722485716,261.14639836048343,172.6070585613945,2.0,558.1342822496405,0.6255067691813023,1.1423023498885534,0.5324269542453426,0.7758580306093844,0.2283535788375751,0.31915199193441945,0.0,0.0,0.0,0.0,0.0,0.0,0.0,0.0,106.7994695258976,62.60168131514944,-0.09524711519947832,0.495633714521136,-0.5451473001066912,-0.3631492990083471,-0.4100123634454984,0.5190523328550488,lift
-0.41513946438023686,0.3971191332720295,0.3826123369771027,-1.1993592453228483,-0.0069599640556168,1.1923992812672315,0.6155951269978028,-0.01586587102151917,0.22453655687824,0.06635899351333939,-0.650300464336784,0.4168649140676623,1.0671653784044464,0.09394172272643483,-0.13441920451156464,0.19317109903628873,0.16166221778727696,-0.7469002200601056,0.10648491406642298,0.8533851341265286,0.2524401887675949,-60.21019420999539,40.4819802318668,28.32236896983987,-134.59655510999536,-17.939341681424,116.65721342857137,71.00430571428568,49.110094623642155,17.989684080411795,13.922954559542388,9.66518136649932,74.27821936649929,64.61303799999996,17.0652522142857,5.815152350387949,52.96169225017011,33.72020086373578,-162.63455892104056,109.48712136467361,272.1216802857142,45.724279357142834,0.4894017154178777,0.443376058358018,0.0,0.0,95.41953639537815,41.63360727232009,2.0,140.7015023175341,0.07265794308540251,0.07101486896219286,0.10238760212665071,0.15381552956287606,0.07012188835284228,0.11539373770395613,0.0,0.0,0.0,0.0,0.0,0.0,0.0,0.0,38.31328650343285,13.23422024007008,0.6281638862384857,0.8204631370646732,0.606472380626649,0.25331065515512574,-0.19846443740633166,-0.6644966450211127,lift
-0.31691204263463335,0.2964157459650205,0.28613296619471784,-0.9006917540501234,-0.0069599640556168,0.8937317899945065,0.44549371484749073,0.1547966201763995,0.26066406276392695,0.0641197792306031,-0.03730405795109938,0.8673722499970953,0.9046763079481946,0.18079614055647397,-0.08598922128502416,0.17522205393629006,0.14977523359426814,-0.37789574622466143,0.40111400341242137,0.7790097496370828,0.20800917979845202,15.030574790004556,95.58859106725795,6.861367212470565,-35.91029882428113,304.62843260429014,340.5387314285713,8.808408357142852,39.28933698078502,52.059247467809485,7.002970550360039,-150.33825120492918,74.27821936649929,224.61647057142847,9.172299285714281,-30.883165092469177,55.56921159731836,3.52636005750163,-248.62132977818337,12.58480593610223,261.2061357142856,4.365320214285713,0.4260526290186128,0.3698369318046447,1.0,1.1440861979497705,98.32062947428605,89.3961696690753,0.0,0.0,0.09926538981735512,0.12962780666651327,0.0881474821434983,0.147593442228639,0.06909229119334027,0.10672970970656599,0.0,0.0,0.0,0.0,0.0,0.0,0.0,0.0,38.211484918294076,19.62769391847762,-0.5214665703394675,0.6896357758944175,0.10395005481794006,-0.9671057199473535,-0.8705455021915656,0.9538737921147523,lift
0.2666188966786404,1.714475100336102,0.6146362457529858,-1.3093177567575645,4.921154846766407,6.230472603523971,1.2579831116894153,-0.04834705635125408,0.9118277429619436,0.5462187910186229,-2.4767172031845375,1.5296931662640418,4.006410369448579,0.7500152233983504,0.06405680023659031,0.6351738318671263,0.3617501649309342,-0.8745574279401275,1.2104359626021433,2.084993390542271,0.8511536328083793,5.719572275718847,124.08739962008275,82.60126284596693,-120.61080910999537,304.62843260429014,425.2392417142855,117.37605271428565,-19.461253333500668,118.02909135988705,62.451711918799205,-236.91397291921484,173.4173699379278,410.33134285714266,205.6100254285713,-23.71064537818346,285.4570810214849,67.22948885387012,-506.8405000638976,739.3393582218162,1246.1798582857136,82.57905335714281,1.5764054750931746,1.3291999943097754,1.0,5.007178652199859,258.0266153422616,212.6269235647633,2.0,651.8624236420313,0.6868930785983981,1.1475861385291932,0.5665184583082103,0.8811677134687639,0.24722542620544227,0.36049944750552565,0.0,0.0,0.0,0.0,0.0,0.0,0.0,0.0,97.47503638959397,66.61445001551557,-0.3104300004043489,0.7187066696392075,-0.5384306829242216,-0.42997378198756264,-0.3646159123794521,0.22974580179877005,lift
0.2132797314224597,1.7344822736339864,0.46590883652342574,-1.3093177567575645,4.921154846766407,6.230472603523971,1.300242154781631,-0.14268081607446825,0.8632343686460265,0.411241499585917,-2.4767172031845375,1.5296931662640418,4.006410369448579,0.5070845642740097,0.044170430668987015,0.6275686354026422,0.23543269923383475,-0.8745574279401275,1.2104359626021433,2.084993390542271,0.6068365273388192,-47.90113586713827,76.4091676654639,48.230429835251684,-120.61080910999537,220.46860146143302,341.0794105714284,59.80343285714284,-5.5024300192149616,114.61293040194415,64.30041013791597,-236.91397291921484,173.4173699379278,410.33134285714266,99.7938993571428,1.4175223932451018,280.178140495446,64.37530294178252,-506.8405000638976,739.3393582218162,1246.1798582857136,72.70055199999996,1.5705477579992815,1.3223545480708223,1.0,5.007178652199859,233.77169136672495,212.48970885407638,2.0,651.8624236420313,0.6137244959485992,1.1364105220261929,0.5262168877451092,0.8667288150549189,0.19304718056898387,0.3156014817451456,0.0,0.0,0.0,0.0,0.0,0.0,0.0,0.0,89.51726250989432,70.80378746320261,-0.272239752054454,0.7287918010203669,-0.5533901067838313,-0.47657763278089216,-0.3801744350383752,0.18854061202052014,lift
-0.43599328858318315,0.46476539764557745,0.3136863208738624,-0.9440988182051003,0.5334138832733686,1.477512701478469,0.375856957502695,0.048946226200877005,0.48597507227942965,0.2543247624261848,-1.0360914769096354,0.9275568614462298,1.9636483383558652,0.33409558461284333,-0.013207804067803553,0.44397226065908973,0.18948980269217575,-0.41967431125791316,1.08851329609521,1.508187607353123,0.25472833867652545,21.02965004714741,107.97713278663086,67.31940656041932,-95.4873431099954,277.7761826042901,373.2635257142855,97.5445331428571,18.748736580785028,50.013518209793354,47.240394881603684,-112.82445120492918,72.00341165221357,184.82786285714275,49.33073007142855,-72.84671437818345,159.57980137750474,59.95411005508949,-409.9000860638976,90.03739479324504,499.93748085714265,83.5039564285714,0.8774491233109964,0.26839034408550305,2.0,1.3218757023775864,159.27563310958567,142.68077660969382,1.0,489.72118103727047,0.11991968666842591,0.16058064631899294,0.20995671439296743,0.29826305441730816,0.12947132735237127,0.17581059926158368,0.0,0.0,0.0,0.0,0.0,0.0,0.0,0.0,65.80437088902559,57.944334628637364,-0.5560009060697508,0.9219872351195195,-0.6239211933239881,-0.8001373939687605,-0.6743294756597621,0.7979810410777857,lift
0.253522378194383,1.5975275873048285,1.0333679192199279,-1.2818442222568889,4.4555114038248975,5.737355626081786,1.4509694233243828,-0.06095470775687156,0.8020223522023899,0.9010864917564299,-1.6880056550601341,1.5011554236842322,3.189161078744366,0.934448326385404,0.07473309449031668,0.5728456399004189,0.49609141839397475,-1.0441646932276523,1.08851329609521,2.132677989322862,0.9585501833570581,3.248509461433134,124.48062753481102,111.42166416424213,-166.56517510999538,277.7761826042901,444.3413577142855,153.17230121428562,-5.741520519214956,66.2841483855375,51.6165221676624,-163.16346977635772,100.10145108078501,263.2649208571427,69.9893767142857,-4.488981992469197,281.147315046518,168.9014104509944,-409.9000860638976,656.034669078959,1065.9347551428566,264.6036249285713,1.559735883933909,1.0790201356829399,1.0,4.535498374298333,252.7756637520942,187.3525029513426,2.0,586.6954393214708,0.6256486169456777,1.1246977605901494,0.592268917867182,0.8529210555293534,0.2980841896374578,0.3878317416431083,0.0,0.0,0.0,0.0,0.0,0.0,0.0,0.0,105.30423700581164,62.9729522049816,0.15576194820970837,0.661163273459241,-0.12942390019323544,-0.3845612185598858,-0.6608006608635063,0.01566659770048372,lift
-0.04765815646551928,1.6649183664208183,0.20890680514815793,-1.2818442222568889,4.4555114038248975,5.737355626081786,0.5558912578638262,0.01410518728199027,0.6736326423916799,0.29728270113287836,-1.6880056550601341,1.5011554236842322,3.189161078744366,0.3536737026851921,-0.15586948295085756,0.42705426448232586,0.15835263541692984,-1.0441646932276523,0.8473924977596246,1.8915571909872768,0.19251125758498147,-61.206238195709695,45.704145795818214,37.02825325137069,-166.56517510999538,36.89996489000455,203.46513999999993,65.25309035714281,25.881470480785033,61.140492161612926,32.764061162007245,-163.16346977635772,100.10145108078501,263.2649208571427,48.17195957142854,67.96571905038792,210.33131355022678,51.77811712566652,-275.0613549210405,656.034669078959,931.0960239999995,96.58728978571425,1.492535671437884,1.0987321192812598,1.0,4.535498374298333,168.6022278347254,175.14271902644086,1.0,683.6696976056711,0.5589151823835978,1.1092283647115635,0.4640971484013609,0.8016745655044751,0.20969753449089565,0.3394305102680352,0.0,0.0,0.0,0.0,0.0,0.0,0.0,0.0,69.60428278952648,58.69037140614726,0.21243190416715346,0.8526610858299376,0.1876808069072341,0.1724634519103837,-0.6567218699527553,-0.5297167799735298,lift
