accel_y (g)_mean,accel_y (g)_std,accel_y (g)_mad,accel_y (g)_min,accel_y (g)_max,accel_y (g)_range,accel_y (g)_iqr,accel_x (g)_mean,accel_x (g)_std,accel_x (g)_mad,accel_x (g)_min,accel_x (g)_max,accel_x (g)_range,accel_x (g)_iqr,accel_z (g)_mean,accel_z (g)_std,accel_z (g)_mad,accel_z (g)_min,accel_z (g)_max,accel_z (g)_range,accel_z (g)_iqr,gyro_y (°/s)_mean,gyro_y (°/s)_std,gyro_y (°/s)_mad,gyro_y (°/s)_min,gyro_y (°/s)_max,gyro_y (°/s)_range,gyro_y (°/s)_iqr,gyro_x (°/s)_mean,gyro_x (°/s)_std,gyro_x (°/s)_mad,gyro_x (°/s)_min,gyro_x (°/s)_max,gyro_x (°/s)_range,gyro_x (°/s)_iqr,gyro_z (°/s)_mean,gyro_z (°/s)_std,gyro_z (°/s)_mad,gyro_z (°/s)_min,gyro_z (°/s)_max,gyro_z (°/s)_range,gyro_z (°/s)_iqr,accel_mag_mean,accel_mag_std,accel_peak_count,accel_peak_amplitude,gyro_mag_mean,gyro_mag_std,gyro_peak_count,gyro_peak_amplitude,jerk_y (g)_mean,jerk_y (g)_std,jerk_x (g)_mean,jerk_x (g)_std,jerk_z (g)_mean,jerk_z (g)_std,accel_dominant_freq,accel_dominant_power,accel_low_band_energy,accel_mid_band_energy,gyro_dominant_freq,gyro_dominant_power,gyro_low_band_energy,gyro_mid_band_energy,gyro_rotation_mean,gyro_rotation_std,accel_corr_xy,accel_corr_xz,accel_corr_yz,gyro_corr_xy,gyro_corr_xz,gyro_corr_yz,shot_type
-0.054079461,2.239147596,1.328835735,-1.934307249,5.465723804,7.400031053,2.069419471,-0.025980667,0.459229665,0.302110691,-1.247051426,0.697902468,1.944953894,0.364495457,0.021995561,0.926283272,0.736140084,-2.226667493,2.535926742,4.762594235,1.060633693,22.5140939,167.3625168,83.86666384,-347.7402908,392.6225798,740.3628706,100.1464692,-13.79831953,320.2225234,87.58807229,-969.8609309,415.6863145,1385.547245,177.572118,-9.034662335,174.2489882,35.16586235,-384.569507,419.0460404,803.6155474,91.87369507,2.013587919,1.425560107,1,5.58725807,286.770766,281.8808566,3,754.1774155,0.890093359,1.25428201,0.405582953,0.600965536,0.617588518,0.909452135,0,0,0,0,0,0,0,0,115.179167,88.73107104,-0.066120527,0.021290439,-0.200347629,0.648892704,0.371968869,0.816091599,clear
-0.006379085,2.547669342,0.85572887,-2.505891064,5.688967157,8.194858221,3.736382779,-0.109843548,0.646616974,0.302804529,-1.625689025,1.318719897,2.944408922,0.3946411,-0.044016326,0.878559653,0.837213288,-2.226667493,1.793500191,4.020167684,1.002285516,-1.787066798,187.7020229,124.0575785,-469.0672314,392.6225798,861.6898111,181.8464899,-24.40328902,332.6974048,109.9388402,-893.2589135,513.0980396,1406.356953,146.3501422,14.69228578,196.9426226,66.23194155,-340.9573922,484.5369607,825.4943529,114.9748216,2.4672228,1.267854503,1,5.689873415,317.2869299,291.2895306,3,790.8345559,0.938188099,1.320216346,0.49345897,0.686863706,0.509546942,0.721070186,0,0,0,0,0,0,0,0,130.4295513,93.58326279,-0.331026523,-0.058307534,0.236928289,0.637904244,0.193730099,0.703050122,clear
-0.066845839,2.4224902,0.795152824,-2.505891064,5.688967157,8.194858221,2.193260689,-0.003969534,0.596279772,0.349446888,-1.625689025,1.318719897,2.944408922,0.458242132,0.024992748,0.73677043,0.562888106,-1.22768639,1.793500191,3.021186581,0.772698357,4.578189459,192.4151534,95.93128178,-469.0672314,471.2501372,940.3173686,191.0958686,-14.53051383,315.6527601,102.8591136,-893.2589135,513.0980396,1406.356953,135.9350311,2.302809437,194.9202978,43.27502974,-340.9573922,484.5369607,825.4943529,63.97570271,2.213294094,1.368677103,1,5.689873415,298.1489668,293.2554704,3,795.7900751,0.889805236,1.240439555,0.49364387,0.697897097,0.512606896,0.661561092,0,0,0,0,0,0,0,0,118.507668,93.0816098,-0.358372711,0.137368046,0.079360034,0.614299155,0.056985657,0.677999972,clear
0.027080117,2.362237959,0.618211052,-2.16913962,5.593650697,7.762790318,2.369040686,0.008111025,0.555892197,0.358462276,-1.563013139,0.837297476,2.400310614,0.43971305,-0.056010899,0.830362486,0.712677601,-1.928353157,1.467176256,3.395529412,0.986237215,0.377316102,191.6813955,120.2896447,-463.1305202,471.2501372,934.3806574,181.5533528,-13.32514993,324.1637289,106.8431644,-949.4177644,449.6837253,1399.10149,150.1833339,0.119369894,206.611903,45.97581483,-410.5052665,451.1500513,861.6553177,95.65430136,2.161872288,1.381640589,1,5.647017726,311.7073918,295.8522893,2,873.7632038,0.772843694,1.101995652,0.413337305,0.63303052,0.481295412,0.672967898,0,0,0,0,0,0,0,0,125.6772542,97.51296671,-0.168458927,-0.107509463,0.10087285,0.617836841,0.159478105,0.707868964,clear
0.024886446,2.357847014,0.369541736,-2.16913962,5.593650697,7.762790318,2.335975862,0.016313912,0.550959101,0.262386203,-1.563013139,0.837297476,2.400310614,0.39456478,-0.014925465,0.79342668,0.68575808,-1.928353157,1.467176256,3.395529412,0.897034962,-8.512507898,186.5324836,119.2653759,-463.1305202,464.7957286,927.9262489,178.2775997,-12.36932899,326.9864816,93.32249365,-949.4177644,449.6837253,1399.10149,130.7174019,-2.264592535,207.5656107,53.9080544,-410.5052665,451.1500513,861.6553177,106.7344941,2.130945708,1.397391501,1,5.647017726,310.3933757,297.7995184,3,790.4213677,0.843756513,1.179905762,0.476662961,0.711879774,0.505488382,0.710035365,0,0,0,0,0,0,0,0,124.2943738,97.89120492,-0.192681335,-0.124243808,0.173690388,0.63654818,0.206110581,0.711626379,clear
-0.021860539,2.394159026,0.533595505,-2.322102694,5.711236444,8.033339138,2.037815963,-0.00683999,0.51333,0.367920449,-1.62371711,0.884709762,2.508426872,0.39805766,0.030589521,0.678467858,0.640341686,-1.426992443,1.575037219,3.002029662,0.767333384,-13.39373988,196.9797117,100.3611157,-518.7863457,464.7957286,983.5820743,120.6649849,-22.88957786,322.3239087,54.92053785,-912.3700101,433.9384662,1346.308476,107.2634561,1.274731394,197.9552585,54.15429662,-378.964453,504.3246387,883.2890917,93.34116114,2.126696168,1.39084419,1,5.736957141,292.4051136,311.5833643,2,886.5989308,0.774577944,1.138438391,0.380669613,0.562395992,0.397663095,0.556593267,0,0,0,0,0,0,0,0,116.4490605,97.78773659,-0.228440649,-0.016221341,0.320186228,0.704851906,0.199845065,0.668982948,clear
-0.02152101,2.401154807,0.748643319,-2.322102694,5.711236444,8.033339138,2.182460815,-0.015434397,0.528340051,0.454802664,-1.62371711,0.884709762,2.508426872,0.490594413,0.014329516,0.698398147,0.669973355,-1.426992443,1.575037219,3.002029662,0.849849703,-0.751921998,210.4851247,102.5753194,-518.7863457,478.2756338,997.0619794,127.318729,-17.672811,322.9212421,94.95011787,-912.3700101,433.9384662,1346.308476,142.4723881,9.096075108,196.4532973,50.87841903,-378.964453,504.3246387,883.2890917,83.77499393,2.153590331,1.376736352,1,5.736957141,302.8021114,309.6490398,3,795.8264783,0.875230835,1.213564494,0.461545536,0.642158731,0.484974573,0.649793432,0,0,0,0,0,0,0,0,121.7611813,97.19418904,-0.219208959,-0.013433309,0.257176613,0.689562819,0.209927461,0.687086652,clear
0.038055509,2.43156788,0.712181686,-2.270426331,5.710127771,7.980554102,2.328161765,-0.003829379,0.644574514,0.433441729,-1.680958431,1.341567878,3.022526308,0.490217791,0.011793601,0.686909719,0.813696455,-1.363347195,1.540099424,2.903446619,1.031989997,10.66110662,212.4115174,162.0893626,-499.7193271,478.2756338,977.9949609,203.2728339,0.667934867,318.981332,134.3383646,-932.7983812,467.9438379,1400.742219,216.2232173,13.95572692,202.6092637,35.19101216,-341.410999,482.8370004,824.2479994,72.95375779,2.20095775,1.399010573,1,5.713125282,323.2020055,289.4263082,2,891.1994673,0.803294952,1.183901549,0.449340825,0.637570303,0.471415066,0.60247255,0,0,0,0,0,0,0,0,127.9289488,98.01312889,-0.375784365,0.142322718,0.021908907,0.634891485,0.206967946,0.742548503,clear
-0.045008751,2.465496188,0.468297821,-2.270426331,5.710127771,7.980554102,2.366342799,-0.007335632,0.627607282,0.266790003,-1.680958431,1.341567878,3.022526308,0.285516122,-0.012989703,0.675535368,0.713002143,-1.363347195,1.540099424,2.903446619,0.873890707,0.414413316,197.043574,99.60046472,-499.7193271,455.739526,955.4588531,198.8575234,-15.08990595,314.4091781,96.03075253,-932.7983812,467.9438379,1400.742219,195.6017993,2.554698251,205.6334159,56.79143444,-341.410999,482.8370004,824.2479994,79.86331671,2.250656374,1.365907978,1,5.713125282,311.5979788,288.2802562,3,787.9733602,0.895376813,1.247974998,0.504994247,0.747167376,0.460953701,0.599837734,0,0,0,0,0,0,0,0,122.1355702,98.02423769,-0.358909544,0.163720643,0.037025679,0.627600158,0.162381822,0.725425249,clear
-0.054646228,2.359469825,0.643566494,-2.193711905,5.678756309,7.872468214,2.208709152,-0.031576281,0.508908597,0.213147384,-1.479170389,0.895284154,2.374454544,0.28465199,-0.042931343,0.788471151,0.637508402,-1.710875628,1.801849058,3.512724686,0.776091425,18.7361391,221.6187982,107.8579932,-471.6416522,532.1778546,1003.819507,205.83237,-8.211320433,324.949569,56.69710239,-883.3477464,480.7336768,1364.081423,147.5017451,-1.06986272,195.847121,84.14243865,-375.0521662,426.5117613,801.5639274,123.3218996,2.122398721,1.396074001,1,5.684033592,323.6630968,297.8674572,2,871.6272235,0.863000689,1.201551982,0.418251579,0.6270818,0.510334101,0.730782592,0,0,0,0,0,0,0,0,128.8568472,90.47414298,-0.369881918,-0.017266096,0.185220544,0.610793548,0.148112797,0.63708313,clear
-0.03143498,2.335682981,0.719418821,-2.193711905,5.678756309,7.872468214,2.204825572,0.027447682,0.551862883,0.372340066,-1.479170389,0.895284154,2.374454544,0.421203632,0.002611421,0.801095724,0.670726177,-1.710875628,1.801849058,3.512724686,0.845492883,2.600770988,205.4819831,126.241828,-471.6416522,532.1778546,1003.819507,204.7076049,-20.65764912,314.3459917,81.81843701,-883.3477464,480.7336768,1364.081423,114.4421731,12.72628875,193.5105027,86.56019815,-375.0521662,426.5117613,801.5639274,126.1542707,2.117964724,1.384808928,1,5.684033592,301.5003267,296.943726,3,794.2879516,0.857197631,1.200845177,0.471392398,0.646003126,0.516006065,0.730698442,0,0,0,0,0,0,0,0,121.640001,95.50388718,-0.399206302,-0.034132345,0.101700367,0.558564311,0.226079402,0.694655767,clear
-0.001044907,2.375911347,0.659298072,-1.905995568,5.895269699,7.801265267,1.905166875,0.010108688,0.653659251,0.606803909,-1.382977776,1.146247836,2.529225612,0.730256205,-0.024137088,0.8628107,0.74595082,-2.325876697,2.036637525,4.362514222,1.008573658,14.55269589,215.0269194,127.6928219,-436.6268571,456.8327206,893.4595777,167.1245356,-6.762494933,314.7427396,119.6261881,-957.0908698,450.2281188,1407.318989,162.8579254,6.650976465,201.7807344,86.56019815,-443.2014005,494.187957,937.3893574,121.0532685,2.164188519,1.460698935,1,5.966465627,319.2485933,290.5118181,3,791.2436655,0.865352576,1.31352082,0.48466354,0.688920115,0.577550112,0.823142161,0,0,0,0,0,0,0,0,129.5119201,99.26976082,-0.546512013,-0.034077333,-0.004444834,0.544832328,0.309880986,0.85118878,clear
-0.029587684,2.387761077,0.59486682,-1.905995568,5.895269699,7.801265267,1.877957449,-0.007547063,0.622664734,0.286460831,-1.382977776,1.146247836,2.529225612,0.366264121,-0.020036425,0.834335313,0.604979618,-2.325876697,2.036637525,4.362514222,0.757616677,15.28474212,207.7355637,79.01037337,-436.6268571,456.8327206,893.4595777,176.736014,-23.78436796,312.3690941,60.1854445,-957.0908698,450.2281188,1407.318989,129.1175936,-6.611112106,202.365706,49.7753471,-443.2014005,494.187957,937.3893574,103.2008416,2.153902607,1.465355642,1,5.966465627,312.7940634,291.0039424,3,791.2436655,0.886156392,1.323390498,0.44415464,0.676099903,0.552250394,0.817485337,0,0,0,0,0,0,0,0,127.5961317,100.7977439,-0.574329413,-0.019902945,0.063808935,0.54575947,0.277433602,0.848582156,clear
0.016472255,2.364539543,0.703714591,-1.986451089,5.644481889,7.630932978,2.199484814,0.004904708,0.652184366,0.315187962,-1.46944665,1.3094575,2.778904151,0.402129293,0.021668652,0.770205021,0.584251734,-2.019412126,2.061753006,4.081165132,0.737885722,2.357521502,213.2208083,109.6843208,-503.3251942,458.91685,962.2420443,207.1810024,-14.5196318,318.5297959,77.20495401,-960.1366835,450.5571536,1410.693837,131.8914324,-2.644815535,177.955223,54.24764592,-350.1800925,461.9335613,812.1136537,96.79399229,2.140296741,1.424606,1,5.694056904,307.6330146,290.1339454,3,791.0802207,0.829112474,1.230839431,0.467781676,0.657466702,0.556110782,0.799764199,0,0,0,0,0,0,0,0,126.8055916,97.72488308,-0.492740146,-0.052836803,0.16242838,0.64685422,0.282658956,0.765316407,clear
-0.010015985,2.378636302,0.598677474,-1.986451089,5.644481889,7.630932978,2.201385725,0.000794999,0.647252172,0.184753782,-1.46944665,1.3094575,2.778904151,0.265771476,0.013353483,0.777568843,0.623307167,-2.019412126,2.061753006,4.081165132,0.763581767,1.356124145,212.3615668,91.57987943,-503.3251942,458.91685,962.2420443,208.4986366,-10.46005328,319.3800804,90.63467879,-960.1366835,450.5571536,1410.693837,154.6323833,-7.248043235,179.5219584,69.01350707,-350.1800925,461.9335613,812.1136537,107.3596948,2.167339506,1.408679549,1,5.694056904,310.7590912,287.9614168,3,791.0802207,0.847110673,1.243614878,0.45267887,0.645596632,0.570739911,0.807283991,0,0,0,0,0,0,0,0,127.754906,96.87410266,-0.48551669,-0.052985219,0.195239972,0.651745095,0.270517496,0.749335843,clear
-0.031600477,2.395694752,0.465817003,-2.075260506,5.738002384,7.81326289,2.156223232,0.003987592,0.618285576,0.199475747,-1.772900012,1.227035507,2.999935519,0.262602026,-0.016267634,0.730330622,0.651303189,-1.452210049,1.934852185,3.387062234,0.720370349,22.85245253,206.8949385,65.8665248,-510.092586,541.4995069,1051.592093,159.5359784,7.918301809,274.9205559,74.94885788,-709.5483152,479.4644879,1189.012803,140.1493679,0.730571551,180.223036,71.23269127,-267.6128116,518.5973247,786.2101363,113.9548013,2.164361353,1.404219455,1,5.753289899,284.647389,265.3836884,3,776.9914965,0.86108209,1.251655078,0.432207121,0.618487522,0.54109158,0.704879783,0,0,0,0,0,0,0,0,117.172082,79.98720158,-0.592200484,0.166213095,0.230837512,0.703233769,0.081034284,0.691043501,clear
0.012882757,2.374690717,0.845085772,-2.075260506,5.738002384,7.81326289,2.138411172,-0.015693808,0.638230207,0.415143286,-1.772900012,1.227035507,2.999935519,0.639605285,0.023264355,0.732586948,0.614591606,-1.452210049,1.934852185,3.387062234,0.841117845,15.5298412,206.0834175,78.42843908,-510.092586,541.4995069,1051.592093,150.0832041,3.630529552,274.5896728,61.44122934,-709.5483152,479.4644879,1189.012803,136.9458729,5.947856451,179.0694181,80.48620667,-267.6128116,518.5973247,786.2101363,107.6392487,2.1345812,1.423971217,1,5.753289899,276.4133517,271.7004096,3,776.9914965,0.909220086,1.262448899,0.441244515,0.622315125,0.525536941,0.695547959,0,0,0,0,0,0,0,0,113.2362845,83.94054496,-0.572849554,0.152050744,0.152198585,0.70329192,0.097106032,0.708423539,clear
0.040836064,2.410914284,0.829503225,-2.218343549,5.788292981,8.006636529,2.309521204,-0.005396386,0.655169746,0.434029068,-1.463883557,1.189930375,2.653813933,0.613033666,0.010273464,0.783381998,0.657322762,-1.836442638,2.084765515,3.921208153,0.929722832,11.32400426,218.5038107,112.654902,-482.4861028,468.4703812,950.956484,141.4253667,-29.4919163,338.8580723,85.16328822,-1054.840442,411.9079688,1466.748411,147.516666,12.87333982,186.2201507,67.25115391,-298.6655013,532.0584421,830.7239434,92.98070757,2.192689047,1.431558391,1,5.807683199,317.1487433,312.7731714,3,830.4384421,0.89552003,1.256758091,0.504708999,0.703652325,0.615987668,0.834380337,0,0,0,0,0,0,0,0,128.6856067,109.1186514,-0.483893455,-0.033792311,-0.03511961,0.706272534,0.265214058,0.731375093,clear
0.031989093,2.412592501,0.585197314,-2.218343549,5.788292981,8.006636529,2.279113404,0.00612032,0.652979753,0.346721164,-1.463883557,1.189930375,2.653813933,0.563793298,-0.003608467,0.806741087,0.787781889,-1.836442638,2.084765515,3.921208153,0.925196268,17.40026462,220.6892075,108.7285609,-482.4861028,468.4703812,950.956484,144.2936046,-19.615127,340.3970951,104.5551828,-1054.840442,411.9079688,1466.748411,173.8129202,15.72491477,185.1053884,73.23220403,-298.6655013,532.0584421,830.7239434,95.65523364,2.212143075,1.416090785,1,5.807683199,322.4448492,309.519027,3,830.4384421,0.890210529,1.268369725,0.494313715,0.698034721,0.614965116,0.836670473,0,0,0,0,0,0,0,0,131.0785085,106.8879289,-0.488742174,-0.0316597,-0.045718776,0.707228954,0.265092347,0.724013968,clear
0.005695502,2.350534048,0.428503552,-2.21191713,5.704437164,7.916354294,2.136398649,-0.018421656,0.698279095,0.441897941,-1.85550238,1.249710738,3.105213118,0.590193542,0.03528145,0.615679057,0.755358065,-1.043012563,1.234908946,2.277921509,0.869729073,-10.80607211,224.2534461,67.68044392,-605.8791688,550.2954806,1156.174649,175.9411764,18.42673921,228.704222,89.40597517,-570.0150187,451.9110731,1021.926092,171.336685,20.24257398,182.8648173,70.29861375,-228.124967,481.5756275,709.7005946,91.4637175,2.141422963,1.344466058,1,5.724337237,277.95078,244.2216458,2,765.1627582,0.824679523,1.149678683,0.526336289,0.707123411,0.410215583,0.526863957,0,0,0,0,0,0,0,0,110.0504204,78.95626268,-0.579727608,0.024152418,0.184418634,0.643845044,0.008235654,0.668732234,clear
0.015802074,2.352802691,0.937360689,-2.21191713,5.704437164,7.916354294,2.139607597,0.003985948,0.70912575,0.457922882,-1.85550238,1.249710738,3.105213118,0.690891428,0.003106059,0.672496694,0.829082383,-1.107867346,1.234908946,2.342776291,1.037084368,-11.30684778,230.8233822,124.6353579,-605.8791688,550.2954806,1156.174649,172.2981194,28.96278464,231.9927657,118.5693545,-570.0150187,451.9110731,1021.926092,193.7076258,25.47159139,183.8426481,91.72909551,-228.124967,481.5756275,709.7005946,130.7264485,2.168535537,1.337355786,1,5.724337237,289.49914,242.2889473,3,729.6495428,0.905784092,1.186176653,0.531217221,0.709256547,0.430682677,0.550637213,0,0,0,0,0,0,0,0,114.4241502,75.10550093,-0.582255575,0.027322621,0.12824245,0.671205889,0.051152326,0.670852174,clear
-0.001134296,2.337006186,0.90229784,-2.239928606,5.435789968,7.675718574,2.260097102,0.010968697,0.661929802,0.48322994,-1.727460281,1.170191635,2.897651916,0.600417513,-0.012021606,0.759591747,0.744961826,-1.439804106,1.474704348,2.914508454,0.88783075,6.804108402,207.9524679,108.534678,-518.9280291,512.6801418,1031.608171,111.4857529,8.107182452,272.6515374,118.7596228,-761.6911224,411.5409153,1173.232038,197.9196509,12.37004377,210.1162533,93.8706047,-334.5390922,494.8046421,829.3437343,133.8169998,2.169938341,1.329797848,1,5.463491093,302.0117076,266.056194,2,819.8038737,0.851556885,1.158469576,0.538288863,0.730391381,0.498468625,0.648780023,0,0,0,0,0,0,0,0,119.9100853,84.60105229,-0.557538569,0.041021884,0.066744542,0.716569073,0.198298666,0.713035708,clear
-0.177597414,2.443526591,0.749724343,-2.239928606,5.435789968,7.675718574,2.48837292,0.030482718,0.658724566,0.361146161,-1.727460281,1.170191635,2.897651916,0.437432447,-0.069589364,0.711406015,0.648112041,-1.439804106,1.474704348,2.914508454,0.8463136,0.540526659,200.8432103,107.5098258,-518.9280291,512.6801418,1031.608171,105.8539875,1.478811024,270.4318676,94.55046741,-761.6911224,411.5409153,1173.232038,184.1332101,6.84470138,209.9754623,77.61959718,-334.5390922,494.8046421,829.3437343,114.6491559,2.306724491,1.275607155,1,5.463491093,291.8404468,269.1459967,3,763.9164992,0.896979009,1.193284009,0.518679161,0.729411268,0.50775452,0.648439531,0,0,0,0,0,0,0,0,115.9164443,87.94418501,-0.570237091,0.097017883,0.099064313,0.718809888,0.189831058,0.70698293,clear
-0.114028261,2.484479074,0.819753181,-2.228996872,5.906251034,8.135247906,2.422260216,0.038915149,0.594368685,0.434747863,-1.596830484,1.173993604,2.770824088,0.554654337,-0.053777021,0.825324072,0.655584081,-1.448473775,2.193027548,3.641501323,0.926227373,11.70069566,216.1079307,153.170816,-472.9323571,526.2357815,999.1681386,206.5157215,30.71079614,271.6285005,101.4452281,-656.6768115,566.4899202,1223.166732,129.7205792,-3.809810163,182.6157443,90.20507341,-355.8232567,460.4261233,816.24938,135.0664985,2.295642199,1.398036453,1,5.915890313,292.5185493,263.364125,3,757.1776606,0.946429909,1.275238956,0.444940045,0.59494162,0.58922492,0.786745432,0,0,0,0,0,0,0,0,113.8120972,73.54676925,-0.563340736,0.193830071,0.078492785,0.557642876,0.210435092,0.82220043,clear
-0.089572556,2.465430065,0.782881536,-2.116432013,5.906251034,8.022683047,2.271834392,0.04699852,0.660067934,0.49335747,-1.596830484,1.383227885,2.98005837,0.665669063,0.002714393,0.802968151,0.677987404,-1.448473775,2.193027548,3.641501323,0.912932696,0.462200288,211.4677633,126.5536262,-472.9323571,526.2357815,999.1681386,190.8356427,20.02172812,269.9967667,93.90906573,-656.6768115,566.4899202,1223.166732,124.2389009,-0.472458063,182.6992074,104.391257,-355.8232567,460.4261233,816.24938,155.2281326,2.273829993,1.413764326,1,5.915890313,283.2863719,266.7320888,3,757.1776606,0.889990993,1.264747983,0.484610707,0.632879689,0.578913564,0.78698657,0,0,0,0,0,0,0,0,110.0746642,77.30823708,-0.538647609,0.177358671,0.038396422,0.539827267,0.187708776,0.831626544,clear
-0.010530946,2.407441262,0.753974302,-2.116432013,5.464028979,7.580460992,2.617860499,0.015938719,0.671778429,0.466569618,-1.358826809,1.383227885,2.742054694,0.590343221,-0.029671284,0.69664849,0.786146512,-1.38444516,1.75973305,3.144178209,1.011551041,0.135074702,215.9401678,121.8897294,-529.4165671,399.4536058,928.8701729,154.1626199,22.238894,241.003688,114.1079492,-668.1933749,355.4403693,1023.633744,203.2618399,11.68753535,214.8554714,72.55239575,-378.3618665,570.4905255,948.852392,121.1231039,2.239910896,1.310123396,1,5.493694402,293.9491656,255.1487419,3,710.6209217,0.844008932,1.202825723,0.557891911,0.770512644,0.526072194,0.656773854,0,0,0,0,0,0,0,0,118.304249,91.41167616,-0.484555767,0.07260381,-0.227301804,0.726125405,0.350086517,0.824101216,clear
0.016620891,2.388767036,0.932145277,-1.923000247,5.464028979,7.387029226,2.605824715,-0.037141742,0.62842236,0.411278986,-1.358826809,1.317323646,2.676150455,0.575534372,-0.016306218,0.719893478,0.872575355,-1.38444516,1.75973305,3.144178209,1.154504062,-6.120283898,215.3827579,120.5705801,-529.4165671,399.4536058,928.8701729,151.9928659,18.09031165,242.419657,146.3581525,-668.1933749,355.4403693,1023.633744,227.9155914,4.01563838,215.2213104,68.32131822,-378.3618665,570.4905255,948.852392,78.68695879,2.21498378,1.309632675,1,5.493694402,296.6425038,252.7079391,3,710.6209217,0.791820751,1.163265295,0.540684528,0.744552125,0.528535312,0.656779345,0,0,0,0,0,0,0,0,120.3049509,89.55932099,-0.454828241,0.063341564,-0.241839795,0.722741532,0.355891415,0.817821061,clear
0.013459288,2.469643122,0.749818606,-1.923000247,5.808767352,7.731767599,2.511078222,0.026331964,0.609653099,0.370020567,-1.548254035,0.970752294,2.51900633,0.482886105,0.023170399,0.756784169,0.894879808,-1.311384117,1.625679237,2.937063354,1.166680025,-25.30312793,196.2243147,142.5806248,-496.1285005,411.5441775,907.672678,235.3325364,29.21973182,234.5354313,146.3581525,-610.0210058,413.1286673,1023.149673,214.2666501,-19.06337023,204.1508349,69.27180645,-469.2571139,399.6771498,868.9342637,78.36160586,2.262675089,1.387533481,1,5.814874171,281.1817946,240.7958992,3,676.4549066,0.89748129,1.234078008,0.572611675,0.808954829,0.434467275,0.595545896,0,0,0,0,0,0,0,0,114.3189997,82.71785574,-0.22685331,0.146583373,-0.061841427,0.496411366,0.299167553,0.765433351,clear
-0.014050954,2.485845775,0.674588229,-2.046611821,5.808767352,7.855379173,2.536968287,0.065501535,0.640396006,0.455977111,-1.548254035,1.15374339,2.701997426,0.563598264,-0.001263642,0.769806984,0.742570493,-1.311384117,1.625679237,2.937063354,1.1263427,-29.52614938,197.890029,165.6858398,-496.1285005,411.5441775,907.672678,244.1806881,13.4142372,240.845825,189.3882352,-610.0210058,413.1286673,1023.149673,226.7889629,-10.54216556,202.6577803,57.79887345,-469.2571139,399.6771498,868.9342637,85.50050936,2.301719,1.374306436,1,5.814874171,286.4875113,239.426668,3,676.4549066,0.870423504,1.217440473,0.593101731,0.812421686,0.435529333,0.598671291,0,0,0,0,0,0,0,0,117.6642091,80.47104323,-0.242553751,0.150973151,-0.134212376,0.48175518,0.309895582,0.760219904,clear
-0.034214241,2.406333041,0.73568826,-2.046611821,5.358636412,7.405248233,2.681723216,-0.08786549,0.713512077,0.433420609,-1.744784824,1.15374339,2.898528215,0.529396924,0.038443638,0.737867312,0.520144923,-1.318452499,1.863932713,3.182385211,0.710958093,15.67814446,189.0043329,111.3887459,-409.8747988,415.1395632,825.014362,147.6060753,9.766389924,273.8943483,168.8612226,-719.3058767,461.1051636,1180.41104,204.4644986,-6.389230735,180.9442852,55.46798999,-342.7699725,424.9470158,767.7169883,69.4798265,2.257198803,1.326427078,1,5.513416107,296.682429,236.3115135,3,694.551963,0.851017007,1.172284666,0.56283131,0.786454684,0.53910355,0.721509034,0,0,0,0,0,0,0,0,121.0898676,82.1304883,-0.535261615,0.287362087,-0.329478259,0.596578257,0.273225198,0.87596289,clear
-0.317055075,0.968029296,0.479154365,-1.938275305,2.933378445,4.87165375,0.844529914,-0.007788311,0.392194826,0.076364445,-1.03772538,0.985685642,2.023411022,0.107515821,0.037438233,0.519646595,0.038441987,-0.583890582,2.088230616,2.672121198,0.050515155,51.82087593,78.833285,7.305819799,-163.1486939,123.4664564,286.6151503,10.0872105,-34.72853241,114.1090982,14.6477272,-120.0114873,362.7646135,482.7761009,17.28746136,-18.7768234,136.7513997,6.076895268,-106.3331464,441.6986051,548.0317514,8.166269786,0.78481489,0.92031618,1,2.250710947,174.8549539,107.7325706,1,586.1137519,0.362368062,0.703693191,0.186223626,0.378861858,0.177246838,0.393187561,0,0,0,0,0,0,0,0,71.19098121,26.40471422,-0.781996158,0.918701671,-0.802551154,-0.896378229,-0.865232881,0.982631998,smash
0.187841828,2.079991465,0.615779946,-1.938275305,5.192952901,7.131228206,1.63908681,0.029581528,0.492026165,0.417310644,-1.03772538,0.985685642,2.023411022,0.431278503,-0.020935233,0.637780476,0.444435596,-0.865828243,2.088230616,2.954058859,0.553273709,24.30496833,220.9088367,149.8520499,-527.8350179,451.381793,979.2168109,158.5802719,29.49149883,119.3090639,135.6790644,-120.0114873,362.7646135,482.7761009,181.6947059,2.179934199,136.4707695,69.62525607,-153.1442009,441.6986051,594.842806,84.31040436,1.779845068,1.357927691,1,5.199299583,238.2274004,162.3963534,3,535.0108969,0.795895414,1.123564259,0.454513713,0.646460592,0.507410323,0.693336371,0,0,0,0,0,0,0,0,94.46268717,42.10455051,-0.278236848,0.355260246,-0.499362515,0.160261304,-0.062496849,0.872595171,smash
-0.188826239,2.083848025,0.592876242,-2.105295952,5.192952901,7.298248853,1.343788134,0.043097607,0.37041033,0.382369257,-0.837378845,0.646457468,1.483836314,0.508218537,-0.11412107,0.424182738,0.321233359,-0.865828243,0.61375995,1.479588193,0.496809937,7.406849284,226.3676294,129.5853715,-527.8350179,451.381793,979.2168109,151.4582439,13.61817175,108.2887895,118.4186005,-110.8508548,331.4323621,442.2832169,180.9434012,-17.51427213,112.7786433,59.5167208,-153.1442009,391.6707716,544.8149726,73.60146186,1.788596011,1.229234755,1,5.199299583,222.8104631,163.0654815,1,463.4272892,0.583594279,0.867609521,0.300411882,0.412828732,0.336462412,0.462900949,0,0,0,0,0,0,0,0,84.58649865,41.24957998,-0.020911499,0.062358859,-0.133591411,0.228168483,-0.080405988,0.816078731,smash
-0.01486052,2.200206074,0.643277888,-2.105295952,5.226273252,7.331569205,1.883790488,-0.011495611,0.329258152,0.296968985,-0.906353285,0.646457468,1.552810753,0.376432712,-0.015403949,0.661551944,0.350193961,-1.367170792,1.904257991,3.271428783,0.519129318,-15.0532727,203.3060816,120.5713104,-543.399577,370.3627218,913.7622989,208.5328202,42.92453608,120.6734283,119.643231,-109.7903999,331.4323621,441.222762,179.4605973,-16.85360276,138.7589024,69.51034762,-272.8211661,391.6707716,664.4919377,102.2325856,1.899908616,1.333381487,1,5.342695841,231.4775483,154.6634329,3,530.89416,0.810431689,1.238575439,0.25265275,0.364736998,0.478681217,0.716217583,0,0,0,0,0,0,0,0,91.30565993,46.02870352,-0.338020428,0.354672546,0.203305626,-0.111117216,0.211167256,0.660184647,smash
-0.037348874,2.271225835,0.722528807,-2.327588772,5.226273252,7.553862024,2.72423609,0.058302396,0.494457845,0.319568619,-0.906353285,1.479663028,2.386016313,0.46973794,0.026927434,0.69598583,0.628200473,-1.367170792,1.904257991,3.271428783,0.838096052,-18.09963737,196.3361194,138.6491725,-543.399577,370.3627218,913.7622989,189.2194014,51.77531156,137.103639,121.0054995,-127.9708919,444.6764447,572.6473366,167.8108371,-12.86481724,165.0566962,80.17999699,-272.8211661,526.4170722,799.2382383,123.3993087,2.071752765,1.265192202,1,5.342695841,242.4087753,170.2960995,2,506.0014054,0.670043194,0.994173729,0.344946066,0.492875471,0.432979044,0.555056604,0,0,0,0,0,0,0,0,95.10234053,46.3630324,-0.238291985,0.309297657,-0.040998511,-0.073549777,0.214553074,0.771353134,smash
0.053281562,2.462448715,0.630225236,-2.327588772,5.629810531,7.957399303,2.849166977,-0.030894162,0.537522427,0.342547634,-0.862606774,1.479663028,2.342269803,0.418764626,-0.009339579,0.501084386,0.540040243,-0.785436109,1.225854407,2.011290516,0.735718441,-33.95519026,260.5951505,186.1519066,-690.7091933,361.6328178,1052.342011,232.6889226,51.86681501,139.0267053,127.0132672,-127.9708919,444.6764447,572.6473366,173.8371885,6.225592528,156.4006873,77.89161445,-166.3960826,526.4170722,692.8131549,138.1459365,2.175930013,1.368531613,1,5.642983973,278.00701,195.6870309,3,610.6934437,0.854462891,1.255949961,0.457668549,0.597099268,0.442616847,0.56643783,0,0,0,0,0,0,0,0,110.5893621,59.55554607,-0.228669703,0.187638229,-0.429062016,0.049601524,-0.467516038,0.736359452,smash
0.006566834,2.40955146,0.576148022,-1.923866903,5.629810531,7.553677434,1.626817727,-0.00440001,0.488549089,0.243517514,-0.862606774,1.360678254,2.223285029,0.314791638,0.027467296,0.471273019,0.535227953,-0.610032741,1.225854407,1.835887148,0.723645464,-4.840228387,259.4098207,136.0935882,-690.7091933,361.6328178,1052.342011,180.4002792,36.60942892,95.917822,88.56764706,-76.44018819,260.0316749,336.4718631,146.8475641,-2.152269601,136.5608027,91.12621332,-166.3960826,418.3296536,584.7257363,142.3589294,2.072647467,1.40416029,1,5.642983973,256.1154567,175.8286658,2,558.8159556,0.565059517,0.771833015,0.36848374,0.488003662,0.385903219,0.504453867,0,0,0,0,0,0,0,0,102.7897289,62.20751796,-0.344600395,0.156050433,-0.124839657,0.145015107,-0.466691753,0.327493889,smash
-0.000765303,2.235579359,0.624421187,-1.923866903,4.956892562,6.880759464,2.603007555,0.014681322,0.594343134,0.33014996,-1.575210151,1.360678254,2.935888405,0.370858366,0.00371063,0.553495292,0.69340634,-1.0426964,1.283663163,2.326359562,0.794839189,-4.04952473,229.7130496,103.0210377,-649.6492305,480.9633641,1130.612595,145.5785628,26.25974076,129.5276639,57.31637962,-162.2577439,373.7310041,535.988748,92.77971264,-6.105454387,209.8711595,83.9117341,-278.2084252,611.9080614,890.1164866,120.7169499,2.049654797,1.206880681,1,4.962007382,267.7739885,206.474562,3,659.8841343,0.763471494,1.112645421,0.502969979,0.721120493,0.391392996,0.497739614,0,0,0,0,0,0,0,0,102.1159377,62.3542957,-0.418347188,0.024754817,0.327110216,0.397745661,0.103464458,0.606202493,smash
-0.009225312,2.237079303,0.49200159,-1.945749678,4.956892562,6.90264224,2.535226074,0.011706367,0.594839628,0.345824164,-1.575210151,1.277102069,2.85231222,0.391578609,-0.044238942,0.550087407,0.531422674,-1.0426964,1.283663163,2.326359562,0.699395655,-11.52321532,229.4868856,80.28767797,-649.6492305,480.9633641,1130.612595,160.5839748,18.96883898,133.0503363,59.48305662,-162.2577439,373.7310041,535.988748,99.18695357,-15.40529077,202.0994619,102.3882847,-278.2084252,611.9080614,890.1164866,127.1365191,2.055779963,1.19870852,1,4.962007382,264.4200909,204.9945245,2,648.0863612,0.628052656,0.949014967,0.417882798,0.625749803,0.398092268,0.489897078,0,0,0,0,0,0,0,0,101.6569597,62.45747875,-0.407404643,0.075446367,0.231500478,0.391803976,0.102496176,0.619696196,smash
0.02434387,2.162187812,0.750037255,-1.945749678,4.995006639,6.940756318,2.319797025,-0.017538051,0.513862633,0.239990847,-1.279958603,1.277102069,2.557060672,0.336119227,-0.004934954,0.526123963,0.619563577,-0.726476539,1.401087918,2.127564458,0.777235569,-25.12698472,232.4234965,131.0044502,-684.6392116,294.7783901,979.4176017,179.8874801,9.268579549,127.8802859,121.7529208,-230.9572259,304.1661355,535.1233614,160.1107086,-13.1606759,200.7510205,98.67738176,-241.6015469,605.5675159,847.1690629,127.0399531,1.945326663,1.196890179,1,5.018813566,270.4715016,195.9863864,3,622.8150457,0.759610387,1.116182219,0.43174085,0.591234668,0.403969822,0.48665836,0,0,0,0,0,0,0,0,106.9025239,68.06952985,-0.418681391,0.448600294,0.013598593,0.305658129,0.031466245,0.550462163,smash
-0.021143932,2.194852601,0.763093731,-2.221622623,4.995006639,7.216629262,2.326183812,-0.016737295,0.491802757,0.232920165,-1.279958603,1.151802479,2.431761082,0.331970432,-0.008823131,0.509054493,0.539526865,-0.726476539,1.401087918,2.127564458,0.82278737,-18.27304309,231.9778454,98.87847747,-684.6392116,294.7783901,979.4176017,134.7507449,16.31378001,126.7736255,121.7234132,-230.9572259,304.1661355,535.1233614,158.9302698,-12.69098336,197.6893483,94.6860571,-241.6015469,605.5675159,847.1690629,125.8563754,1.974189481,1.192378007,1,5.018813566,265.3300063,198.3114814,2,576.9854608,0.628433693,0.87257971,0.347006732,0.481563708,0.396789594,0.480239439,0,0,0,0,0,0,0,0,104.4632027,69.97981625,-0.45480432,0.462579063,0.005285958,0.317539402,0.056895964,0.551824077,smash
-0.009921842,2.328382022,0.590555758,-2.221622623,5.420751872,7.642374495,2.49819633,0.025665245,0.515893006,0.299369573,-1.359271539,1.151802479,2.511074017,0.443419727,0.024516884,0.574720144,0.526720572,-0.874207626,1.78148907,2.655696696,0.656220593,-5.75074733,236.3362428,121.1839728,-616.4615613,431.794355,1048.255916,159.3917015,19.27494673,149.1177889,101.4807593,-266.0890928,341.7690375,607.8581303,128.3461539,-5.335014887,186.7254161,102.7337651,-191.7828352,611.3338931,803.1167283,158.5006509,2.084659768,1.293585543,1,5.454128321,265.4905729,207.1355315,3,654.9414941,0.848361329,1.227013977,0.390088205,0.574287637,0.482921126,0.608690476,0,0,0,0,0,0,0,0,103.2954552,62.29857959,-0.51671886,0.393865098,0.023660592,0.465791999,-0.043738645,0.640199277,smash
0.074034175,2.270470584,0.320457147,-1.892226453,5.420751872,7.312978324,2.456637915,-0.019498579,0.487414253,0.287096777,-1.359271539,1.137736483,2.497008022,0.383597176,-0.043762331,0.591380957,0.579661234,-0.874207626,1.78148907,2.655696696,0.73249447,-1.83488943,237.1519468,115.7908891,-616.4615613,431.794355,1048.255916,150.9108234,4.383833263,151.7433921,76.77861691,-266.0890928,341.7690375,607.8581303,120.3187688,-22.60350517,171.2281213,88.77911125,-191.7828352,611.3338931,803.1167283,118.2683133,2.001065426,1.321307807,1,5.454128321,257.7376603,206.6179425,2,618.3644089,0.635046018,0.985871949,0.307910556,0.457790465,0.419521898,0.57651779,0,0,0,0,0,0,0,0,102.7682638,62.61478828,-0.498603333,0.460360259,0.005583014,0.446369258,-0.024147596,0.669272021,smash
0.069113425,2.168955038,0.572057735,-1.892226453,5.24381311,7.136039563,2.086436737,-0.016400919,0.477256435,0.327737166,-1.055003609,1.137736483,2.192740092,0.380176579,0.02687785,0.540022691,0.69724714,-0.73901887,1.013075518,1.752094389,0.818701768,-6.567952673,268.7785583,123.3500293,-678.8553079,406.1977201,1085.053028,176.7449785,22.31322152,128.1859779,86.64896345,-151.6969776,319.0965007,470.7934783,154.2099144,-22.81371419,189.1682197,88.77911125,-352.3937789,519.7158848,872.1096637,149.0717106,1.907590776,1.261201679,1,5.344060156,290.7523649,202.4418915,3,626.2396388,0.787209456,1.15756593,0.390325746,0.601295873,0.248057692,0.304037087,0,0,0,0,0,0,0,0,124.1225967,78.4439435,-0.512345219,0.809314422,-0.562431969,-0.061577342,-0.047523008,0.286157186,smash
-0.038781786,2.241145965,0.754194177,-1.968225342,5.24381311,7.212038452,2.312069789,0.0361578,0.5501821,0.311555963,-1.055003609,1.622623913,2.677627521,0.347309132,0.030813741,0.519295392,0.521647038,-0.689190161,1.013075518,1.70226568,0.728830287,-2.885979316,268.8379179,107.6328585,-678.8553079,406.1977201,1085.053028,162.0962918,34.17492923,121.7222499,79.85827888,-151.6969776,319.0965007,470.7934783,147.7081874,-19.96029004,189.7169958,94.3149876,-352.3937789,519.7158848,872.1096637,147.8037011,2.020927819,1.230737558,1,5.344060156,287.1578916,205.4207483,3,626.2396388,0.744745087,1.142441201,0.403162971,0.619638318,0.279002804,0.321648942,0,0,0,0,0,0,0,0,122.3383848,80.13335786,-0.503736324,0.815959317,-0.555304371,-0.0545477,-0.043153397,0.29888653,smash
-0.046088498,2.364569553,0.598667956,-1.968225342,5.352826084,7.321051426,2.187564043,-0.037791775,0.79315338,0.452430777,-1.888545565,1.622623913,3.511169478,0.545403239,-0.02957715,0.409689252,0.440788638,-0.669667883,0.932990421,1.602658304,0.558672365,10.52044847,291.3042191,111.5049358,-734.378741,494.3935415,1228.772283,155.8430724,18.64836833,134.8018826,73.91714994,-228.7817562,322.3842421,551.1659983,120.0329733,13.28545008,183.4938912,76.48769266,-189.0255844,572.9030085,761.9285929,100.8209467,2.177543841,1.284856698,1,5.385105854,295.0963759,224.1713123,3,673.0571818,0.809398256,1.256805175,0.567641258,0.864836535,0.310295755,0.35258182,0,0,0,0,0,0,0,0,125.0522014,85.09272503,-0.616281805,0.65239932,-0.546152546,0.118839144,-0.104495887,0.44003238,smash
0.052553785,2.299904621,0.415190648,-1.798497314,5.352826084,7.151323398,2.070475003,-0.047093443,0.739520273,0.393471124,-1.888545565,1.095582327,2.984127893,0.511697633,0.013073565,0.420519176,0.375150636,-0.810035152,0.932990421,1.743025573,0.471445037,12.20966553,290.5608533,128.2642183,-734.378741,494.3935415,1228.772283,136.2427827,7.269290363,139.9496582,89.35802887,-228.7817562,322.3842421,551.1659983,130.6108321,3.509445285,183.3124274,61.9878383,-189.0255844,572.9030085,761.9285929,78.57530057,2.067104786,1.321179885,1,5.385105854,295.8089411,224.3351676,3,673.0571818,0.736413557,1.199385767,0.514208875,0.841931672,0.274076152,0.322480392,0,0,0,0,0,0,0,0,124.9930117,85.49686211,-0.650054573,0.58669777,-0.546713734,0.104298547,-0.109425084,0.461745111,smash
0.07523892,2.326433046,0.309249219,-1.798497314,5.688609994,7.487107308,2.271647264,0.000977893,0.78061011,0.48879071,-1.311815721,1.862389675,3.174205396,0.739123074,-0.01247916,0.598926243,0.537284093,-0.810035152,1.689117064,2.499152216,0.691145664,3.535077884,265.7676581,156.7906211,-642.4855559,454.179001,1096.664557,198.6629719,33.17264209,117.1233497,96.42664587,-122.0579205,275.0259315,397.083852,141.8253338,2.544231313,163.8139829,71.73034641,-135.2650026,530.3686725,665.6336751,115.7980015,2.110436487,1.390047093,1,5.854495051,268.2245924,200.8987561,3,594.4443098,0.834311734,1.246057742,0.442449251,0.675403223,0.459057133,0.632211329,0,0,0,0,0,0,0,0,113.5735472,69.89379597,-0.713775628,0.615502242,-0.533223998,0.086509871,-0.234707318,0.621380928,smash
0.166602374,2.269705475,0.373816144,-1.516646541,5.688609994,7.205256535,2.169423181,-0.066337201,0.731254889,0.277656335,-1.311815721,1.862389675,3.174205396,0.586711225,0.022708009,0.570498365,0.526808849,-0.806830522,1.689117064,2.495947586,0.684358171,11.1528979,266.6008042,112.5312642,-642.4855559,454.179001,1096.664557,191.4260221,35.10660925,114.4880341,95.27129187,-73.87016391,275.0259315,348.8960954,156.6946494,8.873226185,160.3955008,39.68682547,-135.2650026,530.3686725,665.6336751,95.04363507,1.993780234,1.43849854,1,5.854495051,266.0123346,201.4528445,3,594.4443098,0.812667193,1.240389086,0.344763391,0.604263639,0.4438236,0.628948856,0,0,0,0,0,0,0,0,112.4049849,70.63377056,-0.704524251,0.601831408,-0.484633189,0.074575971,-0.244896949,0.609698067,smash
0.103563368,2.318699936,0.532848782,-2.057037385,5.527015683,7.584053068,2.291616916,0.01627737,0.55126662,0.220912762,-1.592659892,1.133726912,2.726386804,0.328135635,0.019750935,0.552948706,0.476234099,-1.048074076,1.641389265,2.689463341,0.561672508,-25.73755053,254.0814936,71.73931933,-703.343645,482.7682975,1186.111943,227.1564289,6.688794235,140.4738627,40.88281611,-156.7074651,303.7066889,460.414154,105.0661996,-20.70511267,180.7137626,44.30050694,-239.3652221,559.1243868,798.4896089,68.52961457,2.015529616,1.391056196,1,5.582250803,270.6116908,211.785154,3,676.0915793,0.83416321,1.224108076,0.434345571,0.609969695,0.376699642,0.518301132,0,0,0,0,0,0,0,0,109.5393118,68.05787346,-0.493722397,0.353107002,0.304714948,0.354197105,-0.026992658,0.509447834,smash
-0.03051613,2.395877257,0.457753003,-2.057037385,5.527015683,7.584053068,2.574204409,-0.019915719,0.547112149,0.274400145,-1.592659892,1.133726912,2.726386804,0.296894399,0.021621624,0.56010347,0.480588583,-1.048074076,1.641389265,2.689463341,0.632427929,-23.45768353,257.4930312,122.5232902,-703.343645,482.7682975,1186.111943,236.7987913,13.61915593,142.7459878,75.95959293,-156.7074651,303.7066889,460.414154,183.3898738,-23.54410814,183.5890943,87.34077001,-239.3652221,559.1243868,798.4896089,121.9961978,2.148783997,1.318255715,1,5.582250803,282.8710135,204.1031424,3,676.0915793,0.82958714,1.228119319,0.403043227,0.597378786,0.416096859,0.542148158,0,0,0,0,0,0,0,0,112.9789946,64.82301199,-0.439354784,0.341077768,0.312204229,0.389196369,-0.018704906,0.509724273,smash
-0.018190407,2.330611806,0.518400667,-1.841922139,5.160501479,7.002423618,2.433353953,0.015665337,0.572300628,0.284968156,-1.161277508,1.513386677,2.674664184,0.426356671,-0.004073696,0.392488304,0.431467557,-0.788231201,0.780750252,1.568981453,0.563419075,-11.2610148,291.0555056,155.466182,-796.1703456,520.2414658,1316.411811,202.4749519,19.65047041,125.4805306,48.85001078,-112.5213965,301.3883592,413.9097557,182.3391231,-16.17188679,195.8820745,85.97863134,-263.6323081,582.1166659,845.748974,123.8924766,2.104059623,1.219365595,1,5.169241213,299.0860699,223.9429887,3,711.5572843,0.760952574,1.182715327,0.44161399,0.680610953,0.278430405,0.329614023,0,0,0,0,0,0,0,0,116.5508057,65.84422178,-0.535564143,0.490728706,-0.566262367,0.17110005,-0.02123349,0.463529293,smash
0.025865534,2.303814993,0.557809793,-1.841922139,5.160501479,7.002423618,2.334729114,-0.022823757,0.602502609,0.432518365,-1.161277508,1.513386677,2.674664184,0.673415038,0.014243116,0.419125351,0.45436357,-0.788231201,0.780750252,1.568981453,0.605614637,-15.88390646,290.8365671,157.3525566,-796.1703456,520.2414658,1316.411811,203.4786251,19.66261639,123.4865844,85.36024409,-112.5213965,301.3883592,413.9097557,202.3848139,-7.796387258,194.4625206,123.0255209,-263.6323081,582.1166659,845.748974,134.3538003,2.08080406,1.232025265,1,5.169241213,291.2961936,231.2936347,3,711.5572843,0.772052665,1.183339654,0.427565334,0.662294428,0.307782198,0.350181085,0,0,0,0,0,0,0,0,113.3558744,69.83296844,-0.474058381,0.435332293,-0.562229516,0.154718946,-0.015778795,0.466704118,smash
-0.001495055,2.275297272,0.409559565,-1.963060554,5.351067781,7.314128334,2.641471762,0.003046964,0.519080147,0.420140827,-1.100294326,1.269049867,2.369344193,0.63502097,-0.022429814,0.70131453,0.532776525,-1.634923891,2.003387837,3.638311728,0.707137672,-12.16543372,229.7471846,139.3848611,-636.7264736,453.5980301,1090.324504,205.6676404,7.639799777,130.3350772,89.95011157,-160.0987476,322.6539941,482.7527417,158.1439819,13.46010756,172.8847313,109.7225489,-216.9698458,568.7152342,785.68508,190.7153796,2.069647717,1.286598961,1,5.385834903,252.7353645,190.1907091,3,627.3743029,0.783604625,1.178996012,0.406318048,0.552063735,0.558261379,0.779227366,0,0,0,0,0,0,0,0,100.1005806,57.3300377,-0.35784553,0.188267603,0.095841285,0.273467361,0.049137938,0.876319198,smash
0.08193752,2.227385516,0.646907074,-1.963060554,5.351067781,7.314128334,2.492501657,0.021605876,0.50429867,0.427505008,-1.100294326,1.269049867,2.369344193,0.552902507,-0.00010619,0.699954468,0.590127165,-1.634923891,2.003387837,3.638311728,0.792992873,-18.2592427,228.6979279,129.2232864,-636.7264736,453.5980301,1090.324504,196.0878223,14.67045451,125.0474912,87.50335937,-160.0987476,322.6539941,482.7527417,129.7481692,17.0843128,173.7589365,134.3372927,-216.9698458,568.7152342,785.68508,202.5851649,1.986062196,1.329750795,1,5.385834903,251.0581292,189.5840104,3,627.3743029,0.843423225,1.198906268,0.392346514,0.539624085,0.536770863,0.776441079,0,0,0,0,0,0,0,0,99.80246173,56.63005264,-0.415954973,0.183591366,0.113540729,0.333946753,0.101786208,0.861889674,smash
0.018255597,2.142042735,0.485953173,-1.766968609,4.910740334,6.677708943,2.476649461,-0.049431424,0.663053771,0.443489489,-1.547124585,1.58728566,3.134410245,0.552902507,0.068789104,0.693237315,0.6408754,-1.374009927,2.126637662,3.500647589,0.745679295,-16.597948,224.8838529,124.0603478,-624.817707,510.5504193,1135.368126,162.7664319,2.700001892,139.8444994,67.44064276,-230.8086542,354.6575444,585.4661986,83.68075693,31.12462186,164.4007796,99.1022138,-137.1670938,558.4075316,695.5746254,139.4539691,2.004164655,1.224499108,1,5.008441402,248.6248159,191.2957724,2,664.4974593,0.693284731,1.030642258,0.515834494,0.728853587,0.526708407,0.729184893,0,0,0,0,0,0,0,0,95.48590856,59.29425172,-0.51922961,0.310758518,0.162226759,0.39860754,-0.343661888,0.4852233,smash
-0.00251858,2.158386967,0.523641014,-1.766968609,4.910740334,6.677708943,2.53778154,-0.005653205,0.677593169,0.498877602,-1.547124585,1.58728566,3.134410245,0.646533095,0.004292009,0.70359448,0.568444196,-1.374009927,2.126637662,3.500647589,0.795535205,-10.00984219,234.183096,149.7843683,-624.817707,510.5504193,1135.368126,176.2031244,8.262006063,139.6266573,66.7304513,-230.8086542,354.6575444,585.4661986,77.59832279,33.9131579,163.159307,99.90628638,-120.2252041,558.4075316,678.6327357,164.4580921,2.039022394,1.206340083,1,5.008441402,253.927232,194.4165789,3,636.0469197,0.780128896,1.107870372,0.499989955,0.724810404,0.532858683,0.738809364,0,0,0,0,0,0,0,0,97.34031159,57.51193029,-0.518527816,0.341130983,0.141032065,0.420787219,-0.306595474,0.488941896,smash
0.034353239,2.217526313,0.748521087,-1.916827876,4.640574947,6.557402823,2.549787754,0.031172553,0.626240115,0.596184852,-1.532986825,1.194112213,2.727099038,0.697717493,-0.049837931,0.659206138,0.507969902,-1.364997183,1.653417518,3.018414701,0.839066829,-13.25310187,240.1419389,154.7427617,-666.3748313,469.3288575,1135.703689,177.9107221,22.18542671,132.9430307,61.30112385,-170.1113839,355.7995775,525.9109614,95.081717,21.99808706,183.1068848,77.17760402,-149.3674958,558.6544159,708.0219117,122.6383859,2.061306869,1.224664055,1,4.675103157,263.2413514,201.8065314,2,668.7198014,0.69629739,1.060336251,0.563596928,0.826245833,0.451578896,0.650876801,0,0,0,0,0,0,0,0,101.2690336,60.67444301,-0.266450742,0.051174662,0.31206783,0.438899186,0.021826876,0.505882913,smash
0.0115241,2.225662374,0.513089746,-1.916827876,4.640574947,6.557402823,2.582903711,0.009730626,0.610962623,0.424515239,-1.532986825,1.194112213,2.727099038,0.565316909,-0.011807546,0.641907158,0.480576985,-1.364997183,1.653417518,3.018414701,0.620805804,-17.14529796,235.4862138,151.338997,-666.3748313,469.3288575,1135.703689,182.5898114,17.63474649,136.1323737,70.54026754,-170.1113839,355.7995775,525.9109614,117.4688265,17.01049663,182.9150876,67.5829444,-149.3674958,558.6544159,708.0219117,112.9782329,2.059916398,1.223112616,1,4.675103157,263.3415117,197.4569828,3,644.1265586,0.762961243,1.145531441,0.554618516,0.824430621,0.459241348,0.64694074,0,0,0,0,0,0,0,0,101.2111976,60.78477671,-0.268614279,0.033663694,0.352164239,0.417222894,-0.006257786,0.498711195,smash
-0.030299068,2.270672927,0.469308714,-2.129353768,5.167296054,7.296649822,2.388742874,-0.033300868,0.581881621,0.424515239,-1.572022402,1.178975094,2.750997496,0.565316909,0.059556326,0.574900752,0.494437342,-1.062554364,1.827972985,2.89052735,0.622204932,-26.81564972,249.7641278,156.7907865,-688.9832473,516.1811544,1205.164402,181.0969966,-15.51584809,137.5889135,41.0961253,-293.6381673,316.0618372,609.7000046,71.41789507,1.391587042,174.9419769,78.66626076,-148.0362424,568.4885545,716.5247969,117.9580109,2.051902179,1.272919488,1,5.213245287,265.2133327,206.2551071,2,710.1895087,0.752957455,1.113263142,0.479535021,0.685105603,0.44786481,0.617156109,0,0,0,0,0,0,0,0,103.0017019,64.89701292,-0.402770043,0.336872098,0.384045216,0.529028054,-0.077950734,0.495635338,smash
0.005858276,0.557106953,0.242213064,-0.512351227,1.364951709,1.877302936,0.314292301,-0.087999839,0.247310874,0.128947455,-0.62583161,0.288330343,0.914161952,0.162641389,0.094143174,0.766862389,0.627384027,-0.999280345,1.815091977,2.814372322,1.081682287,-1.910947205,121.565269,120.7646271,-220.4475677,197.07992,417.5274877,114.7928766,0.702408592,133.1049062,101.57582,-139.3925213,301.1220761,440.5145974,167.6596297,-12.13523578,41.18218476,53.65158349,-76.99665066,46.48816049,123.4848111,69.16541029,0.874483228,0.459922886,2,1.584961637,161.7708354,90.4024828,2,292.3128135,0.380274778,0.499655867,0.173460186,0.215861776,0.749144771,1.01124079,0,0,0,0,0,0,0,0,77.3121798,13.06344389,-0.199620237,0.463208442,0.248540403,-0.778220789,-0.718508513,0.262943035,drive
0.097918005,0.818326802,0.681827935,-0.828150122,1.970053212,2.798203335,0.810667253,-0.172738826,0.536043692,0.59364979,-1.182754057,0.662492287,1.845246345,0.734697909,0.060085109,0.816799814,0.90491502,-1.202598873,1.838961677,3.041560549,1.139614449,3.100891907,120.2642411,143.6334259,-183.6155431,187.319294,370.9348371,179.3153006,11.68982516,153.0326073,150.2435903,-163.9260627,368.0844133,532.010476,180.099649,-9.097649918,97.31164903,143.8799638,-151.5814744,127.6191079,279.2005823,176.1797844,1.145904787,0.595065214,2,2.200848507,200.5580245,85.77608745,2,328.716702,0.571881577,0.741444675,0.299768141,0.370533408,0.82652987,1.008962498,0,0,0,0,0,0,0,0,90.45883276,11.39281828,-0.344481477,0.642202265,0.171841825,-0.659243943,-0.636355098,0.22739699,drive
0.048887387,0.763122297,0.614523649,-0.727872539,1.677105817,2.404978355,0.776700066,-0.156131843,0.401608622,0.513416646,-0.81418652,0.55023816,1.36442468,0.669812759,0.064686004,0.763955347,0.681953966,-1.088877969,2.016336581,3.105214551,0.917968628,-3.550901908,126.2113862,143.4517887,-163.2465263,231.1037995,394.3503257,178.1469546,0.737867075,154.4982115,160.4812175,-202.6029239,285.9705041,488.573428,184.2531849,8.043440421,82.76313087,116.8537749,-127.3355444,119.4193765,246.7549209,137.29827,0.964686251,0.653914936,2,2.025058385,202.7856261,74.86379205,2,294.892871,0.551931865,0.714699145,0.203079083,0.245611402,0.768625585,1.016726782,0,0,0,0,0,0,0,0,85.23693383,7.130198133,-0.409090348,0.685049591,-0.127764281,-0.556116639,-0.710771835,0.302999654,drive
0.063254307,0.962250086,0.996931093,-1.078316617,2.036922369,3.115238986,1.291395222,-0.138911325,0.696604079,0.680858549,-1.374043553,0.791117229,2.165160782,0.994239591,0.00179198,0.675684653,0.525495673,-1.150516488,1.341046678,2.491563166,1.004741357,5.211990268,105.6321654,79.03641232,-156.5120671,216.9586923,373.4707594,73.66361343,12.57230228,131.3626748,146.8656769,-144.3656407,335.7806735,480.1463143,160.7803749,1.916517783,123.5402479,178.1488362,-162.3989147,187.3846871,349.7836017,215.2891511,1.256377509,0.559060328,1,2.320036136,192.0902313,83.46701909,3,289.4430329,0.567577165,0.76471072,0.363858135,0.439271589,0.673893014,0.89375391,0,0,0,0,0,0,0,0,87.60773578,4.370401169,-0.760234579,0.245515405,-0.056491172,-0.408028449,-0.746439025,0.201641688,drive
0.002362939,0.720474169,0.529060565,-0.941066412,1.742438214,2.683504626,0.761241755,-0.04671045,0.294639358,0.354619663,-0.454961907,0.518081573,0.973043481,0.428023208,0.036600406,0.789805253,0.800001779,-0.742327729,1.840762565,2.583090294,1.343585035,-10.73060041,122.0738907,123.6740492,-206.2953411,186.9077129,393.203054,125.8855546,-7.442544727,168.6705693,216.0502373,-231.9520373,331.0858593,563.0378966,275.3408023,-4.524663997,57.3177036,50.47643791,-106.7532238,83.40367249,190.1568963,49.44950857,0.969274341,0.541961261,1,2.556265709,194.9252908,93.98008172,2,317.8521049,0.600356182,0.719415142,0.145139399,0.175143005,0.719035672,0.892273025,0,0,0,0,0,0,0,0,88.28968646,17.83423719,-0.478396183,0.872383961,-0.490497619,-0.757905567,-0.728804239,0.720121313,drive
0.044791474,0.873451103,0.894647605,-0.965677424,1.840201654,2.805879078,0.77217485,-0.099714048,0.464623444,0.664305877,-0.819146807,0.488793459,1.307940266,0.881614175,0.021937051,0.901101381,0.507464684,-1.396572459,2.084303678,3.480876137,0.996417603,3.307049762,96.18583636,113.1297958,-162.130886,144.1391329,306.2700189,134.645796,4.038060152,147.4836699,147.2346508,-208.0489416,312.5525247,520.6014663,172.947966,7.726320245,80.87455673,88.40998905,-139.5119247,116.7111822,256.2231069,132.1962109,1.193182559,0.616052964,1,2.588236637,171.6685049,90.3366198,3,274.3995253,0.526679108,0.685133877,0.223594739,0.27313137,0.885480673,1.195624435,0,0,0,0,0,0,0,0,68.89651829,20.8114484,-0.680013839,0.374406134,-0.203120899,-0.85793564,-0.805202081,0.481347177,drive
0.072666004,0.90918161,0.622417072,-0.91377337,2.191437004,3.105210375,0.844371254,-0.109913038,0.312588067,0.327696697,-0.584953239,0.457159077,1.042112316,0.48787905,0.030019265,0.674464023,0.829582729,-1.017776205,1.125469649,2.143245854,1.083961609,4.138385621,122.5664732,131.0564202,-197.1566003,182.840846,379.9974463,182.9794719,6.252271132,167.8409126,180.7047543,-181.9387336,379.942713,561.8814466,221.8369031,0.587359582,74.89826227,91.13237904,-112.2399309,114.5608128,226.8007437,124.8317349,1.049306891,0.544464552,1,2.466058068,201.0093775,91.94919378,1,414.0876639,0.676099868,0.837942632,0.189897264,0.235357534,0.647084697,0.826588243,0,0,0,0,0,0,0,0,90.05326598,10.03656116,-0.402595984,0.63265452,-0.100340753,-0.634742341,-0.491043289,0.171319482,drive
0.05999267,0.842506954,1.112525974,-1.070738789,1.710321179,2.781059967,1.105472928,-0.145998955,0.644305335,0.869888028,-1.199985666,0.875151607,2.075137273,1.121458352,0.027843978,0.801439597,0.665008525,-1.159495583,1.860476228,3.019971811,0.834850444,12.65171948,118.843003,136.2642734,-153.0225894,230.545978,383.5685674,160.4753738,12.33605711,123.3760226,94.56836072,-137.0019302,285.6942995,422.6962297,152.2552192,0.949494296,124.6637495,148.1975878,-220.4678101,144.9266645,365.3944746,210.6189661,1.238946597,0.507891909,1,2.066481946,197.4158093,78.90815444,2,303.9983032,0.534108101,0.700802762,0.345482862,0.406696428,0.841116147,1.118066301,0,0,0,0,0,0,0,0,87.34221496,5.080306042,-0.816609536,0.327632433,-0.168435361,-0.551911261,-0.745019425,0.446673126,drive
0.062351351,0.732864715,0.479468257,-0.882405997,1.532401437,2.414807433,0.747189324,-0.119979131,0.412086912,0.456525349,-0.714564571,0.621689415,1.336253986,0.589249597,0.039504676,0.835081264,0.76569382,-0.879299302,1.66160255,2.540901852,1.355085632,-2.027366961,146.9583928,189.2000019,-246.8787163,205.8130626,452.6917789,208.613438,2.969079017,162.3276491,172.6422219,-178.6661079,309.9801027,488.6462106,181.129834,-3.675433098,82.78729885,99.8313724,-124.8520629,108.2699673,233.1220303,144.338387,1.095137574,0.474113939,1,2.135976113,214.3098703,94.33178509,1,399.1647699,0.536655772,0.722103287,0.257091959,0.284732966,0.874545846,1.116174887,0,0,0,0,0,0,0,0,96.56693348,10.88153035,-0.547610623,0.678312038,-0.351994185,-0.733656543,-0.632494374,0.472625367,drive
0.072382031,1.03935569,0.909058004,-1.13043231,2.147361356,3.277793666,1.19453391,-0.112559388,0.682756628,0.773810913,-1.359787662,0.776379837,2.136167499,0.916499646,-0.000747677,0.643142226,0.557683881,-1.03672528,1.21776085,2.25448613,1.133153979,13.19848387,99.12409621,81.00119066,-167.8307828,134.0002049,301.8309877,139.224302,19.24127637,148.0362695,154.8306654,-180.2720445,346.4311784,526.7032229,208.1366426,13.19941141,135.9359747,210.9963856,-158.5020635,218.1696716,376.6717351,265.3772057,1.27216547,0.5996275,1,2.492617521,205.320557,93.70716501,2,339.2661191,0.566899732,0.78785716,0.362838356,0.444526538,0.597115222,0.781328197,0,0,0,0,0,0,0,0,95.27551248,9.254851864,-0.765393717,0.243576796,-0.050030159,-0.644056128,-0.653876436,0.158878618,drive
0.006317213,0.797935558,0.480689426,-0.943542814,1.680990481,2.624533295,0.839785308,-0.054435274,0.245352263,0.251147531,-0.425982822,0.499263332,0.925246154,0.307558601,0.064365958,0.8286673,0.598107202,-0.786653596,1.721074069,2.507727665,1.072196322,-8.32642345,134.7155335,139.9202874,-234.6393411,213.7348292,448.3741703,176.617854,-7.520180487,179.3976469,139.4012847,-232.4091182,355.5591681,587.9682863,181.0167518,-5.798277466,72.50000679,78.20878796,-139.7342955,76.42805534,216.1623509,109.9315209,1.072999637,0.489291574,2,1.841848339,210.1877449,107.5576868,2,347.0740111,0.609711663,0.819592586,0.164100854,0.192431063,0.865735226,1.115461497,0,0,0,0,0,0,0,0,94.49886009,14.00502703,-0.389397094,0.577289539,-0.31070625,-0.771409412,-0.635664328,0.693454253,drive
0.068094112,0.791277967,0.74158158,-0.896663683,1.698131085,2.594794768,0.950017079,-0.104030124,0.584329644,0.671567525,-1.012935401,0.940928727,1.953864129,0.739259028,0.000892538,0.737541707,0.598961353,-0.963113711,1.559701855,2.522815566,1.163131153,6.921931367,112.6765924,70.19604331,-192.6045523,161.4754472,354.0799994,170.0122574,9.652741163,124.842752,106.6650906,-150.6563865,260.2532235,410.90961,186.4744103,-11.78567345,97.44032984,112.7839738,-182.0576775,106.4422625,288.49994,173.6454603,1.151673505,0.447926035,1,1.775424762,181.0126279,72.73763991,2,264.351595,0.455941582,0.599919196,0.278085883,0.352257282,0.710266029,0.927292154,0,0,0,0,0,0,0,0,80.44482332,14.46432775,-0.515232415,0.348535997,-0.278429808,-0.727994942,-0.643132898,0.369972937,drive
0.026123735,0.83862303,0.373832433,-0.823321265,1.959560641,2.782881907,0.474370842,-0.078974688,0.207280421,0.131710048,-0.478746307,0.321701508,0.800447815,0.17355709,0.096017902,0.676436421,0.8586625,-0.799226882,1.545171633,2.344398515,0.967314783,-2.146735556,117.4688422,150.2480797,-187.7791083,164.4061855,352.1852937,224.23833,-6.032244244,192.195857,159.527695,-203.3581302,324.5930973,527.9512274,294.2211446,-4.100986854,55.89092846,58.76464731,-105.7907521,75.7562142,181.5469663,79.27351171,0.950144128,0.56319181,2,1.660887812,214.5914678,88.71464753,1,365.0417314,0.551450384,0.724169972,0.21615068,0.258611681,0.632007644,0.764848992,0,0,0,0,0,0,0,0,89.1856139,18.68410019,-0.190823598,0.557825338,-0.791151913,-0.83523137,-0.623048727,0.571648292,drive
0.107883886,0.857680963,0.890588887,-1.014783597,1.898960696,2.913744293,1.16899043,-0.12631692,0.684164528,0.974088272,-1.257850897,0.838025935,2.095876832,1.069065583,0.030650508,0.683427768,0.900433143,-0.890856263,1.117201455,2.008057719,1.182307173,4.350811645,134.9851211,145.7129113,-233.1530557,234.6728437,467.8258994,149.0826215,18.09386699,151.7562171,144.8068312,-129.337207,385.3861518,514.7233589,188.7224806,-3.115980371,132.0291442,166.7307292,-188.3787104,187.7487002,376.1274106,233.1811674,1.210927903,0.482658487,1,2.235993625,221.7670145,99.28769038,2,369.45621,0.534123762,0.691826601,0.364135077,0.418587292,0.564033028,0.759981949,0,0,0,0,0,0,0,0,103.3086325,10.15569562,-0.637862685,0.662276845,-0.420108719,-0.619010196,-0.658446084,0.266932343,drive
0.032432537,0.786116759,0.589191203,-0.844148778,1.793757681,2.63790646,0.703923695,-0.072466046,0.280827295,0.205621407,-0.375828077,0.553762007,0.929590083,0.405822716,0.041246649,0.884727317,0.726122594,-1.010239681,1.762428153,2.772667834,1.136282091,2.985967145,132.8657455,144.0488487,-228.5169874,187.5777777,416.0947651,206.5870716,-3.41228132,187.255196,156.4802343,-226.7391645,404.1136084,630.8527729,209.0975273,-4.723150918,68.17432683,47.64820707,-133.7283467,74.4220262,208.1503729,97.11460507,1.078461995,0.569657935,2,2.004503629,212.1451718,111.3680722,2,379.9767585,0.596551429,0.776546258,0.15667336,0.215147555,0.872077922,1.092619962,0,0,0,0,0,0,0,0,93.42992256,19.85614904,-0.555818448,0.702782542,-0.645683751,-0.866696155,-0.626050366,0.696611469,drive
0.107715315,1.03312363,0.633016704,-1.118902596,2.146448609,3.265351205,0.874391466,-0.126240596,0.697456598,0.975467679,-1.121625671,0.870622912,1.992248583,1.208278613,-0.028675589,0.705919391,0.512552596,-0.964615756,1.519269025,2.48388478,0.701682899,5.222993621,138.4431449,168.5396121,-235.5616188,207.326016,442.8876349,200.2726501,33.79251208,140.2038778,103.9243155,-147.2587979,390.2401838,537.4989817,122.2465242,0.121568487,133.2047096,173.9940574,-206.2664441,182.6936216,388.9600657,248.3065298,1.288001288,0.649250781,1,2.583987053,218.4610802,100.0555403,1,467.9267061,0.624902421,0.904081755,0.356840979,0.435250511,0.755152677,0.898452185,0,0,0,0,0,0,0,0,102.3012303,14.91779352,-0.603154015,0.565787254,-0.345210566,-0.702074115,-0.57251935,0.335228158,drive
0.009379934,0.760137961,0.558046464,-0.906216666,1.755721691,2.661938357,0.810326408,-0.019069277,0.260441662,0.18721223,-0.37575456,0.521463589,0.897218149,0.412161069,0.043550748,0.776906014,0.698245473,-0.883836533,1.756366793,2.640203325,0.912650172,-3.283950787,127.5437264,163.673701,-201.5298565,227.248624,428.7784806,199.2781746,-3.255477914,188.2420481,179.5113307,-231.7472379,397.4401861,629.187424,289.6462677,0.529972992,77.58756414,57.3668152,-153.6397409,115.7480796,269.3878206,71.33033914,0.964803522,0.566325865,3,1.735147069,210.2980517,116.2699175,2,381.9855279,0.542578173,0.654782492,0.147706075,0.17807996,0.73708217,0.909243145,0,0,0,0,0,0,0,0,90.18425773,23.75769167,-0.703602741,0.741661599,-0.742676129,-0.870927985,-0.8009433,0.674889097,drive
0.072866799,0.90350829,0.545218059,-1.006523276,1.943210591,2.949733867,0.641907027,-0.162705556,0.594952886,0.75210399,-1.082023191,0.918750357,2.000773548,0.997651518,0.002712552,0.7468487,0.663597398,-0.903325392,1.977092555,2.880417946,0.746619732,13.23988783,144.3492731,147.7878762,-221.5950868,246.6347157,468.2298026,185.0292003,14.69403231,113.185452,85.10702876,-169.3039005,248.8702104,418.1741109,149.2415403,8.948686113,115.0300476,148.2582614,-155.3059521,166.3298508,321.6358029,237.0334311,1.168745674,0.627616701,1,2.520849673,205.3041444,72.1184272,2,298.9496197,0.476983704,0.648913336,0.295291772,0.359597816,0.742249968,0.950899951,0,0,0,0,0,0,0,0,93.6638785,4.703940143,-0.708401222,0.456128855,-0.237646665,-0.602138613,-0.748199157,0.302284015,drive
-0.031767169,0.715959805,0.287324465,-0.798766419,1.653981513,2.452747931,0.624668298,-0.028839709,0.273456414,0.208147874,-0.343141276,0.542921862,0.886063137,0.457512592,0.060142469,0.621959056,0.942559378,-0.8123142,0.979981225,1.792295425,1.269300532,-10.23914024,139.7559826,139.9701965,-235.6886588,198.3781995,434.0668583,180.6233226,-1.016071628,176.4960031,174.2715052,-214.4302985,385.8432104,600.2735089,185.9922106,-4.870285909,63.60793963,78.35021403,-99.92509551,88.01262334,187.9377189,98.09496257,0.900867527,0.41000685,2,1.544542962,205.6001727,112.1904846,1,445.1735875,0.511060508,0.689128666,0.162177445,0.195783847,0.461023205,0.543354292,0,0,0,0,0,0,0,0,97.63082676,20.03462037,-0.478553389,0.69814113,-0.824347679,-0.829113131,-0.658828376,0.612671296,drive
0.079771565,0.85875641,0.530766027,-0.894324916,1.803646041,2.697970957,0.74624971,-0.131625418,0.630528671,0.685630795,-1.113258009,0.962740633,2.075998642,0.946553788,-0.009252232,0.728676236,0.586176851,-0.786498307,1.796547093,2.5830454,0.815868234,16.43394244,133.2953895,194.1551681,-184.0092463,240.4468049,424.4560511,229.6156217,16.30483664,120.5025221,79.87797631,-167.429911,300.2311913,467.6611023,99.53813686,-0.816315008,131.0157096,133.9418528,-207.7480727,189.5818608,397.3299334,260.4045526,1.137830972,0.628580202,1,2.381322404,209.591569,77.85626229,2,317.362667,0.464373118,0.640318595,0.307604527,0.362376377,0.729343516,0.946172566,0,0,0,0,0,0,0,0,89.55288867,2.280154185,-0.819095718,0.472323471,-0.339695122,-0.495417625,-0.825741228,0.314537472,drive
-0.039255117,0.695732444,0.417596376,-0.820610536,1.738753699,2.559364236,0.411145473,-0.043205689,0.261750519,0.284213139,-0.503384474,0.549804264,1.053188739,0.373436985,0.037495733,0.598857108,0.851763032,-0.707554369,1.210406192,1.917960561,1.054911169,-0.851977574,119.3911559,112.603475,-204.5499051,178.5490529,383.098958,169.062337,-6.698465111,159.9889282,112.828986,-179.1292447,326.5348064,505.6640511,196.4389344,-0.776856885,51.05971345,48.91855847,-101.1007935,86.02484192,187.1256354,52.62651743,0.85449696,0.431086272,2,1.502503103,184.5362408,91.92591701,1,368.1488445,0.480594802,0.624524653,0.163873229,0.219483025,0.505556393,0.632321317,0,0,0,0,0,0,0,0,75.91531794,18.25303769,-0.483411836,0.554629572,-0.562370527,-0.809562885,-0.555322582,0.493772955,drive
0.060802433,0.853095562,0.625480939,-1.071756832,1.882686123,2.954442955,0.981314314,-0.140201218,0.713174709,0.923675923,-1.426936,1.053140905,2.480076905,0.916304077,0.013222224,0.672848748,0.842479026,-0.84657731,1.231967225,2.078544535,1.249459967,5.929584663,133.0468553,110.665181,-254.8972568,200.152208,455.0494649,160.119396,15.25771824,148.5506222,108.5328851,-136.2499539,381.6076635,517.8576174,163.8353751,-12.82462692,108.1719243,153.798809,-187.3687389,145.6771505,333.0458894,209.2054177,1.226346235,0.456857416,1,2.034724247,205.7658824,97.78930868,1,412.7091593,0.539271359,0.716686521,0.374651641,0.452397916,0.623944767,0.805978063,0,0,0,0,0,0,0,0,93.37200656,17.42136377,-0.474856458,0.479830168,-0.293543977,-0.721337196,-0.590136943,0.324655969,drive
-0.016493271,0.740823243,0.564969992,-0.845978211,1.617267212,2.463245423,0.722622148,-0.036462534,0.261278397,0.302761349,-0.362392177,0.61179509,0.974187267,0.372287663,0.052776066,0.79574615,0.623452362,-0.935980951,1.916680567,2.852661518,0.784828089,1.988626047,128.6630448,150.3055019,-201.0102928,236.6923786,437.7026714,180.8364931,-1.061557463,186.0376528,117.6510118,-220.2851102,364.0451104,584.3302206,256.0335259,-5.258365452,53.88752532,38.11523578,-107.9169889,76.2077062,184.1246951,66.97799736,0.958927323,0.578915071,3,1.794483628,212.8167484,93.86062168,2,334.4028266,0.504273306,0.661634469,0.169762841,0.223604691,0.771609416,0.993946067,0,0,0,0,0,0,0,0,95.67502085,20.70476418,-0.596400361,0.534422619,-0.543188098,-0.73785619,-0.556436591,0.591722266,drive
0.056518055,0.824427693,0.609688756,-0.927914716,1.92365306,2.851567775,0.72942244,-0.140477986,0.759962535,0.88493154,-1.394892721,1.263477101,2.658369821,0.999730277,0.011787651,0.711209109,0.706015784,-0.931159877,1.698923588,2.630083466,1.002809648,-1.8880123,142.3548791,151.0586666,-256.1669611,215.0457806,471.2127417,216.5243114,15.12755213,113.8366818,95.07424705,-162.4274385,252.8161564,415.2435949,141.4304801,-13.52769233,118.9829425,149.3747986,-225.3221478,143.7463228,369.0684706,201.3509679,1.208385895,0.570888171,1,2.059625508,205.9273381,73.41648079,3,275.5946564,0.477418317,0.62703246,0.350917891,0.437995508,0.690800955,0.894374532,0,0,0,0,0,0,0,0,87.34263977,14.6718782,-0.575984382,0.435085391,-0.185311614,-0.557039121,-0.689055635,0.131913257,drive
0.012097517,0.928264524,0.687444871,-0.998687989,2.167262783,3.165950771,0.943013084,-0.001873212,0.258283578,0.197853542,-0.525416076,0.480418278,1.005834354,0.300502661,0.013288758,0.763704118,0.840066572,-0.893655319,1.533271787,2.426927105,1.230291082,-7.282460464,116.3392741,147.8075571,-191.9218783,175.6300692,367.5519474,174.0868267,-3.376811443,191.7932665,168.4305387,-237.8022359,399.1944393,636.9966751,221.7865952,6.324764609,55.67381427,61.58117364,-102.9128612,89.56730506,192.4801663,54.66652536,1.088821956,0.571334063,2,2.032612333,206.876446,103.564633,1,422.2633218,0.614492115,0.769581423,0.1772142,0.239496124,0.679901081,0.827519315,0,0,0,0,0,0,0,0,101.0574879,22.65299132,-0.380786865,0.526043461,-0.698763505,-0.740114195,-0.46856339,0.440210756,drive
0.058237579,0.871580374,0.631746082,-0.95114534,2.058717975,3.009863315,0.753619996,-0.105264446,0.587499487,0.501432555,-1.173807781,0.99805593,2.171863711,0.66954233,0.03220918,0.816887559,0.782084964,-1.218616669,1.974698684,3.193315353,1.06661429,0.742796026,121.4158777,120.6066435,-203.3539314,198.9184952,402.2724266,173.0963183,4.3032587,132.0774108,97.33171755,-196.8754296,260.1017195,456.9771491,200.8273851,-13.80975341,96.38885864,123.2612479,-174.8665378,113.8221645,288.6887023,179.1750526,1.183091381,0.622830406,1,2.235791438,190.9277901,72.3424351,3,255.1008596,0.497324985,0.661988473,0.291108331,0.359823448,0.767980874,1.034894314,0,0,0,0,0,0,0,0,82.08344012,9.728731368,-0.513998286,0.27649296,-0.058394571,-0.626590651,-0.683436534,0.216562199,drive
-0.010655213,0.773602921,0.513870735,-0.927682333,1.663689223,2.591371556,0.537344313,-0.036177427,0.208127767,0.173300218,-0.322713729,0.491322068,0.814035797,0.224127327,0.016990233,0.842046368,0.787042117,-0.876365987,2.010866854,2.887232842,1.116538077,3.177129761,121.6604093,117.1482601,-194.2281734,226.4230535,420.6512269,129.3271851,0.949366475,169.992794,140.1811405,-192.1067802,322.5824247,514.6892049,253.7240479,-14.34220968,49.21619569,45.1803011,-123.4796589,49.82268334,173.3023423,47.09147157,1.011664891,0.573642649,2,1.991962361,196.6767911,87.49841952,2,306.5468131,0.479272494,0.656265876,0.143773978,0.200443789,0.838077224,1.084786227,0,0,0,0,0,0,0,0,82.97998255,24.93262691,-0.479901203,0.41087295,-0.419022712,-0.722678481,-0.313727298,0.138278425,drive
0.022569899,0.78089843,0.446903589,-0.820661756,1.939498596,2.760160352,0.573736778,-0.066155439,0.420347689,0.508863044,-0.814011476,0.725471393,1.539482869,0.588481331,0.025500633,0.64469342,0.726108026,-0.926271982,1.531715567,2.457987549,1.040384527,4.678221855,105.4545412,121.2678617,-159.7982565,151.8797003,311.6779569,181.208766,-0.15851953,147.2111917,183.5089291,-222.6985922,223.6745827,446.3731749,247.2482033,-3.267043571,65.32640166,80.12613342,-104.1979881,95.06165934,199.2596474,116.736144,0.969510035,0.517407635,1,2.037462935,182.1482087,62.56155768,2,263.4513484,0.486895984,0.612644593,0.193368814,0.234492846,0.532609421,0.654389015,0,0,0,0,0,0,0,0,75.19517776,12.66524431,-0.404058344,0.515436755,-0.223428186,-0.737601875,-0.750660236,0.582197002,drive
-0.010652649,0.750221836,0.633712043,-0.880859473,1.726130111,2.606989585,0.776845286,-0.028645966,0.239213737,0.259905609,-0.373438215,0.493019545,0.86645776,0.308236469,0.024600347,0.738760353,0.833729423,-0.818570458,1.641349865,2.459920323,1.202068846,-2.078961709,109.1056151,146.8605062,-180.704066,166.8820777,347.5861437,167.1332793,-6.329716137,167.4570245,159.3319366,-223.8074999,330.3099407,554.1174406,216.0141506,-3.286619881,45.69668197,59.20042583,-77.24080123,64.68251249,141.9233137,76.752055,0.942798512,0.527724443,1,2.393201631,187.5610754,83.12706698,2,295.8964262,0.556547837,0.644643133,0.163469132,0.203445951,0.677606132,0.82100755,0,0,0,0,0,0,0,0,91.3165737,15.67180025,-0.503043159,0.702994025,-0.595633724,-0.71616941,-0.438392018,0.304333923,drive
0.081487254,1.038758453,0.391744028,-1.025438706,2.438952063,3.464390769,0.50931892,-0.145949849,0.553047577,0.739196071,-1.099791651,0.811078597,1.910870248,0.72961179,0.029548857,0.918673872,0.751866513,-1.582819881,2.353542264,3.936362145,0.93177188,-2.255004402,118.8924846,124.4156558,-199.1707191,175.8893292,375.0600483,159.3318807,5.450398761,146.8436432,158.305526,-240.2653013,269.6515773,509.9168786,204.8600493,1.571612854,87.63635833,125.3298512,-112.9439544,120.0471196,232.991074,179.7762066,1.280676296,0.785827793,1,2.956268704,195.2611787,72.72512406,3,280.7730705,0.595424508,0.819493359,0.279317167,0.351862101,0.907320391,1.231353337,0,0,0,0,0,0,0,0,93.64163052,4.926046601,-0.416995199,0.280803868,0.042652631,-0.569538176,-0.54396973,0.128460538,drive
0.12845947,1.290805571,0.447350709,-0.865094115,3.965275141,4.830369257,0.581908797,0.068922258,0.3681782,0.246804418,-0.626188397,0.784585214,1.410773611,0.357572677,-0.020610217,0.349946495,0.185611322,-0.804023043,0.875887594,1.679910638,0.198888385,-24.79535147,102.7107385,34.20378441,-222.7742594,267.2359503,490.0102097,79.07053229,-14.62020574,168.1173178,28.80763802,-530.7113525,245.5943612,776.3057137,76.047647,-14.24490317,151.3618148,24.7976887,-372.5935061,398.9677153,771.5612214,92.3907615,0.966657782,1.005706909,1,4.011997157,186.2282774,167.5524788,2,553.3967607,0.548551937,0.9531619,0.184125304,0.266447981,0.239991841,0.379790377,0,0,0,0,0,0,0,0,74.93972097,40.04752519,-0.586932987,0.177016032,-0.418682057,-0.826878811,-0.623800963,0.515136701,lift
-0.065577153,1.424223853,0.526675028,-1.319163628,3.965275141,5.28443877,0.941046952,-0.001226128,0.452309378,0.351277725,-0.814896984,0.784585214,1.599482197,0.407981128,0.0445158,0.408403334,0.35511792,-0.804023043,0.875887594,1.679910638,0.47303071,-5.41576558,107.2284264,102.7506314,-222.7742594,267.2359503,490.0102097,134.7549291,10.84821744,188.4208505,122.5006382,-530.7113525,290.1295138,820.8408663,137.3403101,24.50395663,161.7524576,131.3744687,-372.5935061,398.9677153,771.5612214,192.6003601,1.283009742,0.871756942,1,4.011997157,214.7279806,166.7440027,2,553.3967607,0.693461935,1.022861383,0.279673038,0.380406614,0.313582059,0.447723118,0,0,0,0,0,0,0,0,84.17395372,32.94165894,-0.247190265,0.170316513,-0.35666656,-0.730138042,-0.609285481,0.579215493,lift
-0.153323964,1.512432365,0.434050167,-1.319163628,4.105277778,5.424441406,0.523531788,-0.104488867,0.578658628,0.518050645,-1.16874402,1.113944131,2.282688151,0.676273627,0.027680716,0.388357927,0.344305811,-1.083119936,0.832618396,1.915738332,0.44388357,18.90782458,103.050109,88.99625254,-133.3510349,289.5682917,422.9193266,129.8868175,-30.03608646,181.0230698,62.53572273,-547.0059948,290.1295138,837.1355086,94.73939243,17.70534579,169.5729855,142.4720803,-388.4166304,441.0660076,829.482638,194.818662,1.417618665,0.893682858,1,4.145538001,206.891874,175.8197322,1,664.5362577,0.643226764,1.014959122,0.359367092,0.471716309,0.286261019,0.424755349,0,0,0,0,0,0,0,0,84.9276725,61.03019812,0.010051847,-0.107263198,-0.221278984,-0.716461053,-0.454135459,0.434295864,lift
0.420547769,1.884605882,0.836590932,-1.509024595,4.105277778,5.614302373,2.654641046,-0.06931734,0.727548735,0.773182138,-1.4970788,1.113944131,2.611022931,0.984914595,0.041954051,0.563670438,0.452130922,-1.083119936,1.287020798,2.370140734,0.585605157,42.15814782,115.0821708,126.70716,-175.7315683,289.5682917,465.29986,172.6332051,-44.30505863,192.5280389,77.50196901,-547.0059948,238.3753761,785.3813709,101.5860655,28.56906707,216.8329375,191.9737422,-388.4166304,469.7208233,858.1374537,225.4355715,1.780224622,1.188703754,2,4.201602437,264.2784764,178.9994433,2,573.4315313,0.693051015,1.002325767,0.509432667,0.614787056,0.3717314,0.544680707,0,0,0,0,0,0,0,0,110.4320525,60.6155415,-0.408719409,0.357794394,-0.470203522,-0.659735129,-0.483199575,0.295589918,lift
-0.126859786,1.517731926,0.549761395,-1.509024595,3.846840191,5.355864786,0.697147157,-0.015103719,0.727266919,0.553339173,-1.4970788,1.452306681,2.949385482,0.759244207,-0.031100596,0.529367441,0.21483553,-1.029949211,1.287020798,2.316970009,0.307275642,12.96026813,105.005366,97.74347685,-175.7315683,265.6783451,441.4099134,132.8408379,-12.12808229,148.079328,56.25020457,-414.6797568,238.3753761,653.0551329,86.18306886,-5.666211556,195.3663702,151.7416239,-350.9647381,469.7208233,820.6855614,186.9308083,1.477641015,0.972894169,1,4.257666873,218.4270149,154.1377206,2,543.5375627,0.650483204,0.99899165,0.560942636,0.700514686,0.356373877,0.563099814,0,0,0,0,0,0,0,0,84.26858344,42.18471666,-0.416479871,0.558510801,-0.417531538,-0.576080025,-0.237319966,0.347175745,lift
-0.044768131,1.428655384,0.324836907,-1.259079767,3.537558296,4.796638063,0.936636787,0.149221961,0.603480757,0.472171486,-1.020182988,1.452306681,2.472489669,0.641575212,-0.074064315,0.428934622,0.340420089,-1.029949211,1.103208897,2.133158108,0.418702941,19.89396585,145.4347651,73.94841188,-253.964836,377.7600211,631.7248571,94.66303664,-23.40336937,200.2701547,94.69749389,-457.7615888,353.1122352,810.873824,129.717892,-12.51128167,198.1985317,145.0060466,-350.9647381,406.374669,757.3394071,174.5125585,1.397436293,0.816185548,1,3.573460947,251.4312617,196.021438,2,595.6096006,0.673267919,1.042893558,0.439410536,0.563705067,0.336566454,0.476700292,0,0,0,0,0,0,0,0,98.48228611,39.60123319,-0.101877405,-0.023640113,0.111372125,-0.927203288,-0.427037412,0.512260099,lift
-0.11993994,1.380914845,0.340800128,-1.094818565,3.537558296,4.632376861,0.407033265,0.046681746,0.436996084,0.4100827,-0.740080054,1.159018486,1.899098541,0.535738421,-0.032927894,0.403459145,0.393638361,-0.845577962,1.103208897,1.948786858,0.471812135,15.50902942,136.1261729,90.41244201,-253.964836,377.7600211,631.7248571,107.9508864,11.7941977,182.2508274,84.75042354,-457.7615888,353.1122352,810.873824,120.0027359,-4.507183856,166.7535325,92.08386951,-334.6419473,406.374669,741.0166163,120.0396026,1.25248054,0.842384822,1,3.573460947,216.7005345,181.6404849,2,595.6096006,0.578940998,0.948297517,0.307398418,0.394554059,0.284895034,0.44606386,0,0,0,0,0,0,0,0,87.54155861,46.38783462,-0.114758171,0.124295235,0.040025095,-0.857403256,-0.393104772,0.41097529,lift
-0.093407957,1.420659734,0.377961417,-1.286179773,3.623252944,4.909432717,0.495460201,-0.024272721,0.517433582,0.432932299,-0.997460189,1.178081814,2.175542004,0.545506341,0.018679049,0.475215379,0.31387571,-1.092136409,1.143925179,2.236061587,0.437257498,4.593220234,102.474621,101.7084616,-187.6450932,252.9214663,440.5665594,145.2573069,-1.929570916,165.3413676,78.40719742,-406.7773017,318.9622138,725.7395154,109.3714347,7.252669172,149.9673517,103.9054887,-297.6910461,365.4254985,663.1165446,136.3961792,1.306722679,0.902208517,1,3.869397094,198.0652333,145.5218467,2,519.517092,0.584409237,0.93428221,0.435078916,0.521930001,0.316818889,0.523291368,0,0,0,0,0,0,0,0,77.58862627,53.90624513,-0.323304534,0.312107437,-0.387793914,-0.666094473,-0.228754849,0.402711378,lift
0.37032003,1.876499857,0.887365344,-1.286179773,4.659873133,5.946052906,2.357435266,-0.074917129,0.537065726,0.406824849,-0.997460189,1.178081814,2.175542004,0.736303275,0.08438242,0.516600337,0.285397361,-1.092136409,1.143925179,2.236061587,0.378088892,-5.301251066,108.7008,95.77612365,-187.6450932,252.9214663,440.5665594,128.7081271,16.27395704,206.8831108,123.420434,-406.7773017,411.1075889,817.8848906,192.4140383,45.72155422,180.7747443,150.3236068,-297.6910461,461.2814679,758.972514,193.7601449,1.661254639,1.211061573,1,3.869397094,251.1101994,163.165765,3,524.2446982,0.823474264,1.203555111,0.435166545,0.533604211,0.420263481,0.611196498,0,0,0,0,0,0,0,0,102.6554624,54.55826783,-0.479589016,0.412009903,-0.392351421,-0.697418099,-0.258448336,0.443264444,lift
-0.199600968,1.672591055,0.432990684,-1.517919727,4.659873133,6.17779286,0.653188313,-0.074261712,0.546852996,0.475957371,-0.928392731,1.046057485,1.974450216,0.631746193,-0.001200687,0.401068837,0.248905796,-0.941617075,0.938951152,1.880568228,0.325615795,-1.075439323,99.48001771,73.92904528,-116.9760429,291.7523934,408.7284363,97.74520179,-0.599010058,183.7403699,69.012874,-501.4683411,411.1075889,912.57593,104.8400238,-11.18294583,167.3629159,82.52831924,-412.4624255,461.2814679,873.7438934,137.4859732,1.505354178,1.018199801,1,4.73321492,202.7997267,175.1170682,2,581.0201957,0.7458786,1.157268494,0.364789355,0.473002872,0.304126425,0.448930461,0,0,0,0,0,0,0,0,81.91732315,45.24525095,-0.173872321,0.08949822,-0.421563269,-0.717237884,-0.377305811,0.550097309,lift
0.05331088,1.564070383,0.651011567,-1.517919727,3.650200016,5.168119743,1.277310334,0.161479392,0.590489143,0.556688835,-0.851445391,1.424056411,2.275501802,0.767362842,-0.052818281,0.435544516,0.263041724,-1.013133507,0.948303355,1.961436862,0.345571373,35.95130236,137.7793873,67.7097448,-225.6585129,359.8430594,585.5015723,98.61519379,-35.01580677,227.2890744,116.067635,-504.1069565,364.3025643,868.4095209,134.7827867,-15.9605673,194.2626038,120.8797905,-412.4624255,408.1724345,820.63486,172.9384344,1.499143615,0.876908462,1,3.673761134,260.7616329,207.7454103,2,601.1312409,0.772754255,1.118216906,0.404757593,0.492017218,0.32297165,0.425723115,0,0,0,0,0,0,0,0,103.9579575,42.7252535,-0.074561285,-0.281053308,-0.334403698,-0.920244916,-0.597686446,0.584477779,lift
-0.134363795,1.423727722,0.511381826,-1.423276559,3.650200016,5.073476575,0.683152827,0.090530258,0.576399019,0.509358603,-0.983795347,1.424056411,2.407851759,0.743002549,-0.101072334,0.430748673,0.424036332,-1.013133507,0.948303355,1.961436862,0.514850348,41.85885448,129.7262583,96.24416189,-225.6585129,359.8430594,585.5015723,126.6172899,2.402655656,195.8066302,87.18050537,-504.1069565,364.3025643,868.4095209,123.9172212,-5.441285599,175.595503,140.8993482,-336.2275513,408.1724345,744.3999857,189.7906934,1.384719657,0.814737578,1,3.673761134,237.4592475,177.2105217,2,601.1312409,0.649072412,0.926495611,0.397891227,0.462335945,0.296621738,0.411357505,0,0,0,0,0,0,0,0,97.4453894,43.23043895,-0.034502447,0.092946181,-0.410406609,-0.74392967,-0.514912097,0.436961302,lift
-0.192770164,1.648753745,0.630890307,-1.547500347,4.578237454,6.125737801,0.815626346,-0.102494013,0.935883779,0.837231007,-2.015848152,1.926972124,3.942820275,1.172649639,0.006046926,0.595691402,0.446006793,-0.774636262,1.632142194,2.406778456,0.665240094,9.63785302,84.54948025,98.49703781,-97.29326172,184.8035277,282.0967894,125.4355591,-11.57501642,126.3389682,30.31363125,-374.6549331,173.1488989,547.803832,84.58077957,5.403835401,209.6278317,162.0413248,-425.9645101,491.4019073,917.3664174,209.3690277,1.670773809,1.097876319,1,5.05195233,215.1839212,144.9342197,2,536.1874358,0.749628285,1.133206953,0.682380517,0.959329145,0.353954656,0.579865603,0,0,0,0,0,0,0,0,88.68166782,53.83295345,-0.451724668,0.494431735,-0.718036083,-0.248007503,-0.302492154,0.431941125,lift
0.473030732,2.003510439,0.963375688,-1.547500347,4.578237454,6.125737801,2.849273988,0.004029982,0.949506699,0.837231007,-2.015848152,1.926972124,3.942820275,0.964381549,0.082736115,0.699706987,0.422693389,-1.066319328,1.632142194,2.698461522,0.628092287,-8.905221037,101.0823131,78.5777312,-185.9533706,230.5325506,416.4859211,111.7892514,-17.06985784,205.5667074,102.1434215,-423.3154288,414.9966252,838.312054,106.1291522,7.539181987,235.3706909,215.2790408,-425.9645101,491.4019073,917.3664174,235.8668655,2.014679891,1.255743379,2,4.720569092,276.1099205,179.0684267,4,545.263893,1.149009303,1.564298397,0.702799053,0.984445338,0.494357337,0.701940414,0,0,0,0,0,0,0,0,112.5103591,59.23326014,-0.496527796,0.508834289,-0.649281482,-0.859889273,-0.463158751,0.605255471,lift
-0.213262726,1.516679944,0.231928466,-1.225541125,4.185521532,5.411062657,0.414692935,-0.031957908,0.525364775,0.32028994,-0.919207348,1.481570512,2.40077786,0.344927929,-0.008126675,0.49505272,0.256493192,-1.066319328,1.225137174,2.291456502,0.33979484,-16.07358757,96.94971471,63.3221426,-185.9533706,230.5325506,416.4859211,105.4403096,31.4488287,184.1267453,63.73733074,-423.3154288,414.9966252,838.312054,80.77910479,-8.349659699,149.0842089,72.61469173,-394.1764393,311.6460759,705.8225151,171.5184318,1.409739329,0.9384065,1,4.389185854,200.7100071,162.9742488,2,554.3403502,0.665602007,1.132679748,0.374220408,0.496630014,0.376155281,0.559827753,0,0,0,0,0,0,0,0,77.33660167,50.86021981,-0.069938668,0.460464987,-0.449199099,-0.791486325,-0.416470464,0.742047318,lift
-0.232438764,1.447049529,0.29524609,-1.225541125,4.000727882,5.226269007,0.43991074,-0.079690744,0.600311242,0.577138634,-1.121183685,1.280477306,2.401660991,0.69257856,0.045539728,0.434422433,0.366939599,-0.849253404,1.173123551,2.022376955,0.468897069,11.14718219,110.6462959,88.89654118,-206.0018203,297.267058,503.2688783,119.2517046,3.893098713,195.7038823,52.08060991,-565.2641302,344.3648903,909.6290206,72.52098079,26.38444857,161.1092081,143.9264256,-381.7508624,380.905625,762.6564874,197.2966596,1.414522819,0.839420175,1,4.062775821,211.0908542,181.0386576,2,601.7553598,0.609588288,1.004353578,0.384255638,0.449952809,0.306677885,0.438171044,0,0,0,0,0,0,0,0,84.01924175,62.35117035,0.137602284,0.194106103,-0.47353686,-0.837872384,-0.305958317,0.601759502,lift
0.474826648,1.97758256,0.767599566,-1.475370209,4.298276804,5.773647013,2.768343276,0.025938001,0.714546037,0.843548208,-1.121183685,1.289156186,2.410339872,0.992273388,-0.00498633,0.626669979,0.70109559,-1.03930389,1.173123551,2.212427441,0.941678072,51.89584096,138.2661192,154.4601498,-206.0018203,297.267058,503.2688783,170.6268549,-11.95497086,240.1014814,119.3511747,-565.2641302,426.7469438,992.011074,145.0615185,8.27833973,216.3918847,200.7447532,-381.7508624,465.2057902,846.9566526,244.7562569,1.94089647,1.128362959,2,4.274007722,300.7704972,189.8247281,3,568.7799141,1.014086902,1.412467253,0.548858434,0.696124984,0.478004572,0.665926718,0,0,0,0,0,0,0,0,123.4282993,66.93480494,-0.324121839,0.388005001,-0.332745087,-0.815814336,-0.222404521,0.47802579,lift
-0.186484669,1.678117586,0.392383537,-1.475370209,4.298276804,5.773647013,0.475130984,-0.023501454,0.611468075,0.761968251,-1.07600404,1.289156186,2.365160227,0.815898887,-0.066950846,0.482840542,0.257691886,-1.03930389,1.036100234,2.075404125,0.333903192,15.26474139,107.9657295,75.04104291,-166.4922532,279.97729,446.4695431,97.8199735,27.03266196,165.8379768,59.72070208,-390.5756428,426.7469438,817.3225866,92.31358579,-6.006447485,163.5541481,101.4335478,-325.1676007,465.2057902,790.3733909,139.9873653,1.551200991,1.02795602,1,4.485239623,202.335371,161.1491385,2,524.7691182,0.71014672,1.170699206,0.431806139,0.643907482,0.342231456,0.574269419,0,0,0,0,0,0,0,0,81.65471636,62.81794318,-0.384496382,0.459689305,-0.116688639,-0.67914217,0.059382502,0.319216185,lift
-0.214083292,1.48958925,0.235031343,-1.406363279,3.938461354,5.344824633,0.303277147,0.096201121,0.578140842,0.692489511,-0.897516168,1.40595868,2.303474848,0.867275923,0.017828088,0.393055194,0.117109559,-1.027514685,1.123424523,2.150939209,0.234832125,9.485213534,137.8640922,59.559191,-301.3971572,362.4731271,663.8702843,86.742253,16.41628801,166.8968409,74.54538887,-406.7687911,379.5290743,786.2978654,109.6679591,16.30981572,162.9478638,133.3705958,-397.7629281,314.4698305,712.2327586,176.7179053,1.418294077,0.866868741,1,3.972921772,206.9712793,176.6392742,2,594.3801022,0.629123969,1.054791109,0.40981978,0.531919567,0.27988588,0.491037808,0,0,0,0,0,0,0,0,81.69076942,62.19740449,-0.188816831,0.151767921,0.068159259,-0.939891687,-0.39699438,0.466307678,lift
0.45970065,1.839557182,0.448556931,-1.110617314,4.063432803,5.174050117,2.378335147,-0.011983366,0.554817716,0.458009047,-0.982569951,1.40595868,2.388528631,0.568500383,0.060124845,0.484679631,0.214306823,-1.027514685,1.123424523,2.150939209,0.288114764,12.34294469,169.498656,75.89974027,-301.3971572,362.4731271,663.8702843,126.2945714,6.335185199,226.9597978,130.4221149,-522.2257162,379.5290743,901.7547906,129.6493945,36.35354667,186.8242869,187.3941735,-397.7629281,333.9883473,731.7512754,205.0447819,1.675709489,1.154897686,2,4.039896198,278.1590522,198.2056086,3,578.3793298,0.834313564,1.259243589,0.415128897,0.525049409,0.421725272,0.608735006,0,0,0,0,0,0,0,0,110.9741168,62.15816275,-0.135318595,0.179052088,0.00291163,-0.938361336,-0.409344487,0.47888402,lift
-0.160760267,1.470005707,0.26538042,-1.225520795,4.063432803,5.288953598,0.351533131,-0.1110723,0.539119519,0.342972607,-0.987497931,1.189072389,2.176570319,0.475489344,0.014104753,0.400280425,0.2489648,-1.038405206,1.056098513,2.094503719,0.288698083,-4.069442209,127.4737283,61.8282457,-242.6231349,325.1487171,567.771852,119.5909319,-6.622650901,184.3917667,44.71782515,-522.2257162,357.9308346,880.1565509,76.35578229,-2.019121042,137.8385067,93.34731283,-319.2662675,333.9883473,653.2546149,130.294099,1.345659364,0.916172359,1,4.106870625,192.8889658,179.1861394,2,583.9132028,0.607251792,1.045758799,0.353697093,0.433658522,0.286801832,0.435642368,0,0,0,0,0,0,0,0,74.99220673,48.80157642,0.191527722,0.064999615,-0.32013053,-0.882646812,-0.281926579,0.525777041,lift
-0.058189677,1.541747899,0.391150024,-1.225520795,4.188818964,5.414339758,0.846235144,0.130696724,0.586469093,0.619879365,-0.987497931,1.189072389,2.176570319,0.805024564,-0.041834664,0.448629862,0.295848099,-1.038405206,0.976963044,2.01536825,0.348835481,24.46305892,123.794997,103.5337167,-154.2492554,328.603764,482.8530194,122.2489253,-1.937777501,194.0754049,96.29700036,-438.3564362,417.8946901,856.2511263,104.0012324,-22.4329908,195.0185675,106.6268019,-388.3899313,471.0689793,859.4589106,141.3338991,1.45537589,0.909010542,1,4.21713843,235.6435181,191.3119793,2,599.095095,0.713366131,1.108624146,0.413059539,0.509593054,0.328265377,0.504205527,0,0,0,0,0,0,0,0,93.30191235,41.41882813,-0.160663416,0.137134379,-0.219075378,-0.813732971,-0.426947465,0.630110245,lift
-0.132439227,1.5643719,0.551356952,-1.26806232,4.188818964,5.456881284,0.841296398,0.032398305,0.497711052,0.510756616,-0.929453603,1.143007339,2.072460942,0.571366568,-0.050746507,0.424940329,0.377203314,-0.837297443,0.976963044,1.814260487,0.588330012,22.79889689,108.8244069,79.86830445,-154.2492554,328.603764,482.8530194,88.95350279,34.40587037,184.2845212,98.35975181,-438.3564362,417.8946901,856.2511263,112.2953638,1.128212544,191.8179593,133.2210432,-388.3899313,471.0689793,859.4589106,167.5959552,1.428428418,0.925368725,1,4.21713843,232.2370415,174.2654551,2,599.095095,0.720284508,1.079968594,0.384964432,0.464586189,0.32331517,0.495372711,0,0,0,0,0,0,0,0,93.432292,41.37477411,-0.137955009,0.303218655,-0.169044897,-0.63534022,-0.360287605,0.590597644,lift
-0.203912009,1.584283915,0.393768901,-1.279071814,4.361843053,5.640914867,0.707528802,-0.087516659,0.629832164,0.633009914,-1.029209911,1.236510309,2.26572022,0.793586159,0.012601624,0.419775211,0.243406233,-0.773291492,1.093880275,1.867171768,0.449577526,7.661705348,106.1633592,115.2664444,-186.1335023,264.4061611,450.5396634,127.374516,5.477811527,164.9672753,60.59742069,-453.7292288,288.5824375,742.3116663,133.9271894,11.22279276,196.9718055,154.1259535,-488.4298627,478.4370985,966.8669611,212.5741075,1.499354268,0.940313862,1,4.501352574,219.0627941,171.7815601,2,593.2520367,0.704981944,1.064094498,0.437987434,0.508941717,0.285615306,0.417663666,0,0,0,0,0,0,0,0,87.75119022,57.9437856,-0.140177374,0.384032951,-0.537078706,-0.652562792,-0.504897761,0.65735161,lift
0.52783807,1.870566216,0.585020164,-1.279071814,4.361843053,5.640914867,2.575148481,-0.053731792,0.578040162,0.309042645,-1.029209911,1.236510309,2.26572022,0.518101001,0.056347736,0.527987141,0.304859559,-0.949340618,1.093880275,2.043220894,0.396229225,4.800726434,136.5420958,93.87678884,-218.5871937,267.4095071,485.9967009,134.9488034,-26.39357706,238.9503623,151.3829627,-532.5067011,458.7646983,991.2713994,169.4055144,13.4509442,225.2153926,137.499743,-488.4298627,478.4370985,966.8669611,225.0714528,1.749414454,1.155916558,2,4.13012304,288.4705378,210.1150572,2,586.6233871,0.825503807,1.228187652,0.39751097,0.500299309,0.348713086,0.526103268,0,0,0,0,0,0,0,0,117.5095204,70.69575516,-0.222977237,0.4061468,-0.375698247,-0.929286231,-0.572372033,0.6477278,lift
-0.122590719,1.432268601,0.198594298,-1.147226514,3.745351193,4.892577707,0.322140739,-0.026819526,0.504264415,0.242700005,-0.775032037,1.401142434,2.176174471,0.358748722,0.000475365,0.426148506,0.287461428,-0.949340618,0.997210826,1.946551445,0.378651524,-11.97064915,103.7318438,57.5947223,-218.5871937,267.4095071,485.9967009,78.96551357,-3.047879558,195.6850618,39.97106531,-532.5067011,458.7646983,991.2713994,78.24805386,-13.73373253,162.9304051,98.10054338,-342.1855633,391.2554819,733.4410451,141.1227146,1.315174973,0.879398251,1,3.758893507,207.1855966,181.6991626,2,624.1735521,0.577627112,0.975051282,0.332819608,0.440143725,0.288389957,0.464834296,0,0,0,0,0,0,0,0,82.46822152,63.10508227,-0.011675502,0.352366359,-0.367852201,-0.809134904,-0.200883757,0.597206471,lift
-0.099362067,1.518615408,0.334885886,-1.265820056,4.155012236,5.420832292,0.432437071,0.140112595,0.72226122,0.683522244,-1.001813398,1.628542927,2.630356326,0.836901361,-0.019320349,0.576939321,0.454101772,-0.891287119,1.508835042,2.400122161,0.569756729,14.30485955,98.49786108,75.4003577,-178.6973229,251.0130248,429.7103477,100.8478209,12.29647847,172.2223843,68.70609755,-423.3997437,391.7343955,815.1341391,89.49970286,-15.74740356,200.1950757,193.4886213,-441.4626401,374.9426485,816.4052886,226.1946124,1.503403991,0.964555381,1,4.301880799,229.7267109,165.1359986,2,601.0332503,0.645093366,1.04846324,0.472691334,0.6325687,0.374676183,0.608118095,0,0,0,0,0,0,0,0,93.22115295,44.2457475,-0.372436371,0.551491517,-0.537833267,-0.577787167,-0.238906475,0.649023052,lift
0.265532766,1.86075818,0.829719338,-1.525151711,4.155012236,5.680163947,2.253820661,-0.045121883,0.653217851,0.622400458,-1.001813398,1.628542927,2.630356326,0.848697526,0.066339421,0.632654388,0.483256477,-0.891287119,1.508835042,2.400122161,0.767246236,5.782040563,108.2247157,117.4592592,-178.6973229,251.0130248,429.7103477,136.1264486,22.36728224,211.936305,149.7315626,-423.3997437,391.7343955,815.1341391,186.9521207,46.13275086,213.264793,195.7599027,-441.4626401,448.4931716,889.9558117,247.0086249,1.769225093,1.111824294,1,4.301880799,275.9943667,169.1169003,3,572.9437914,0.889294322,1.218472675,0.463693976,0.650523136,0.43276995,0.656976201,0,0,0,0,0,0,0,0,114.0014968,39.23168919,-0.357600963,0.609245731,-0.451301547,-0.697949652,-0.439425362,0.51922485,lift
-0.277888819,1.485403352,0.319964443,-1.525151711,4.013467267,5.538618978,0.548690902,-0.100782725,0.62147203,0.559288362,-1.054886021,1.242439465,2.297325487,0.642500585,0.021284674,0.403336369,0.28942158,-0.752055719,1.043676373,1.795732092,0.410395549,-7.032667995,86.94166535,86.69684621,-143.417728,208.0158871,351.4336151,118.0205094,-33.3048773,204.3248112,50.50540055,-624.6039077,363.8916906,988.4955983,58.74962986,26.6110058,167.4435665,134.6789957,-362.2586027,448.4931716,810.7517743,207.4631638,1.473421515,0.819873321,1,4.065202424,212.3718651,184.688493,2,605.5654181,0.645778103,0.984435419,0.388559164,0.491074274,0.25738629,0.403116194,0,0,0,0,0,0,0,0,82.91912407,41.75942087,0.072542912,0.20509541,-0.452995341,-0.826371811,-0.38785364,0.578332828,lift
0.099576364,1.862622995,0.617269253,-1.75563275,4.818657863,6.574290612,1.409484028,0.143798839,0.844251356,0.997920614,-1.541018189,1.673928664,3.214946854,1.238281254,-0.058791276,0.649938759,0.384018905,-0.964668894,1.510631393,2.475300287,0.736642203,47.49495412,147.6887143,164.4401117,-270.424762,316.7260506,587.1508126,205.2975831,-38.19568953,207.3633061,59.92329502,-624.6039077,329.9167798,954.5206874,68.48844707,-21.38029631,231.9510525,197.3428754,-494.8534973,541.4651242,1036.318621,283.3288902,1.822721068,1.147293792,1,5.279792407,276.9271928,214.699595,2,682.9024883,0.955264675,1.367179088,0.649642012,0.782794347,0.416962457,0.671253071,0,0,0,0,0,0,0,0,107.8007796,45.83552263,-0.378708651,0.479286214,-0.478462885,-0.630788472,-0.565561933,0.679136459,lift