accel_y (g)_mean,accel_y (g)_std,accel_y (g)_mad,accel_y (g)_min,accel_y (g)_max,accel_y (g)_range,accel_y (g)_iqr,accel_x (g)_mean,accel_x (g)_std,accel_x (g)_mad,accel_x (g)_min,accel_x (g)_max,accel_x (g)_range,accel_x (g)_iqr,accel_z (g)_mean,accel_z (g)_std,accel_z (g)_mad,accel_z (g)_min,accel_z (g)_max,accel_z (g)_range,accel_z (g)_iqr,gyro_x (°/s)_mean,gyro_x (°/s)_std,gyro_x (°/s)_mad,gyro_x (°/s)_min,gyro_x (°/s)_max,gyro_x (°/s)_range,gyro_x (°/s)_iqr,gyro_y (°/s)_mean,gyro_y (°/s)_std,gyro_y (°/s)_mad,gyro_y (°/s)_min,gyro_y (°/s)_max,gyro_y (°/s)_range,gyro_y (°/s)_iqr,gyro_z (°/s)_mean,gyro_z (°/s)_std,gyro_z (°/s)_mad,gyro_z (°/s)_min,gyro_z (°/s)_max,gyro_z (°/s)_range,gyro_z (°/s)_iqr,accel_mag_mean,accel_mag_std,accel_peak_count,accel_peak_amplitude,gyro_mag_mean,gyro_mag_std,gyro_peak_count,gyro_peak_amplitude,jerk_y (g)_mean,jerk_y (g)_std,jerk_x (g)_mean,jerk_x (g)_std,jerk_z (g)_mean,jerk_z (g)_std,accel_dominant_freq,accel_dominant_power,accel_low_band_energy,accel_mid_band_energy,gyro_dominant_freq,gyro_dominant_power,gyro_low_band_energy,gyro_mid_band_energy,gyro_rotation_mean,gyro_rotation_std,accel_corr_xy,accel_corr_xz,accel_corr_yz,gyro_corr_xy,gyro_corr_xz,gyro_corr_yz,shot_type
0.15724993583180985,1.5936348602640908,0.6500501197085348,-1.4507436213110465,3.7704852358318077,5.2212288571428545,1.420883928571428,0.20320299488116994,0.5931951216803886,0.5676195543627928,-0.8264898908331152,1.491601537738312,2.318091428571427,0.7923711428571424,-0.11720142538521798,0.4450605431556024,0.28312195565216813,-1.0926395110995033,0.8925382031862101,1.9851777142857134,0.3654129285714284,-35.01580677268215,227.2890744196187,116.06763500868378,-504.106956515539,364.30256434160344,868.4095208571425,134.78278671428563,35.95130236254896,137.7793872559447,67.70974480170558,-225.65851286602236,359.84305941969166,585.501572285714,98.61519378571424,-15.960567299059795,194.26260377411276,120.87979052399736,-412.46242554191673,408.1724344580828,820.6348599999995,172.93843442857133,1.5033948940100232,0.9535147474124465,1.0,3.797699751172989,260.76163292445693,207.74541029065432,2.0,601.1312409150214,0.7830562406015033,1.1292120048271839,0.4063341353383456,0.4939998593296649,0.32521894736842094,0.4273620450840221,0.0,0.0,0.0,0.0,0.0,0.0,0.0,0.0,103.9579575489762,42.72525350397226,-0.05291159104660366,-0.29963873484217896,-0.35504257947991785,-0.920244916364941,0.5844777792320272,-0.5976864457683008,lift
-0.12711006416819,1.4876597833752867,0.6428586517475149,-1.4886479070253322,3.7704852358318077,5.25913314285714,0.868898071428571,0.09298552345259856,0.5834764450424638,0.5748341085583579,-1.0059253194045437,1.491601537738312,2.497526857142856,0.7575452857142854,-0.18231322538521796,0.4317140115277561,0.40118686531969233,-1.0926395110995033,0.8925382031862101,1.9851777142857134,0.49637514285714246,2.402655655889268,195.8066302272275,87.18050536515902,-504.106956515539,364.30256434160344,868.4095208571425,123.91722121428563,41.85885447683466,129.72625833671378,96.24416189484566,-225.65851286602236,359.84305941969166,585.501572285714,126.6172898571428,-5.441285599059808,175.5955029544516,140.89934815944835,-336.2275512562024,408.1724344580828,744.3999857142852,189.79069335714277,1.4392552137084351,0.852372687671905,1.0,3.797699751172989,237.4592475409796,177.21052169487209,2.0,601.1312409150214,0.6653948120300748,0.9406047494474663,0.4000752932330825,0.4647087553317714,0.29665560902255633,0.41133118144155023,0.0,0.0,0.0,0.0,0.0,0.0,0.0,0.0,97.44538940064686,43.23043895401108,0.05378343706132302,0.09973261052885977,-0.360040032746628,-0.7439296702036159,0.43696130226268903,-0.5149120966465504,lift
0.3014290786889527,1.9604310442433164,0.7264941490962681,-1.5623933355967607,5.234315521546093,6.796708857142853,1.4565213571428566,0.14541178059545562,0.8563851803022443,1.0067349850372462,-1.5620581765474006,1.6714243948811691,3.2334825714285698,1.2823658571428567,-0.09405345395664658,0.6524266253631493,0.4152584547758461,-0.9668703682423604,1.4993453460433521,2.4662157142857124,0.7101371428571425,-38.19568952982499,207.3633060704992,59.92329501517917,-624.6039076583961,329.91677977017486,954.5206874285709,68.48844707142854,47.494954119691826,147.6887142643953,164.44011169168857,-270.4247620088795,316.72605056254895,587.1508125714284,205.29758314285706,-21.380296313345507,231.95105246146355,197.34287537444462,-494.8534972562024,541.4651241723685,1036.3186214285709,283.32889021428554,1.8635494808744923,1.2846709375189396,1.0,5.664461244700929,276.92719277776325,214.69959501522766,2.0,682.9024882829697,0.9651748270676687,1.3858012906981205,0.6516100601503756,0.7851304673431007,0.4157514436090223,0.6714776281158983,0.0,0.0,0.0,0.0,0.0,0.0,0.0,0.0,107.80077961703958,45.835522628221845,-0.3477759103512044,0.4861591766786362,-0.4686717418212671,-0.6307884722249941,0.6791364589975801,-0.5655619326797059,lift
-0.11465650702533296,1.421475118774841,0.3545014158614865,-1.103561335596761,4.013011235831808,5.116572571428569,0.518337857142857,0.09693958059545574,0.6447759097657344,0.7635058308790421,-1.067480176547401,1.3628989663097408,2.4303791428571415,0.8409623571428568,0.08663570318621047,0.37261750593741466,0.19723480913413868,-1.025061796813789,0.8086479174719244,1.8337097142857135,0.23728242857142845,-2.383185929825005,195.7924665887132,60.86896436824023,-574.8911542298247,383.6905897701748,958.5817439999995,81.46538235714283,1.7083777911203994,119.70693278274211,76.94079813547798,-196.75633286602238,342.96620256254874,539.7225354285711,102.84535478571424,28.05037802951161,138.11668328748763,92.3034208712812,-342.76863068477394,375.85452531522577,718.6231559999997,123.05293599999993,1.370683061799728,0.8523194113079692,1.0,4.018096589953805,198.6987875747166,181.8099875839332,2.0,573.1333817220458,0.5850194586466162,0.9575498136952176,0.3815784962406013,0.47606669239855925,0.24956497744360892,0.3890994498578208,0.0,0.0,0.0,0.0,0.0,0.0,0.0,0.0,80.43563868099172,70.88703161873765,0.031257295842974916,-0.1556098003169989,-0.3488054923537394,-0.9461347726692504,0.47595235817767906,-0.44903127498068146,lift
0.46764332154609534,1.7162982439983068,0.6255397398322003,-1.0622470498824754,4.013011235831808,5.075258285714283,2.719296857142856,0.06834950916688429,0.5866086274824326,0.38720338479538163,-1.067480176547401,1.3628989663097408,2.4303791428571415,0.6462724999999996,0.08721398890049617,0.5111728889610145,0.46120535652891925,-1.025061796813789,1.0722384889004952,2.097300285714284,0.5894929285714283,-11.874145229824999,266.9546099519573,140.98330305167508,-574.8911542298247,483.1664986273176,1058.0576528571423,162.5764535714285,3.8407574054061184,154.01853689973683,101.6282553611839,-310.0986974374509,342.96620256254874,653.0648999999996,147.3068800714285,11.353583358083057,170.87912100013514,144.63060892675512,-342.76863068477394,375.85452531522577,718.6231559999997,177.76479057142848,1.6695037644377169,0.9974028567111144,2.0,3.7915045750143053,286.48153698138157,205.91048308271354,3.0,580.0793633303406,0.8359846917293229,1.200900830317702,0.39962541353383435,0.4835666884098342,0.3606548571428569,0.5061675673656217,0.0,0.0,0.0,0.0,0.0,0.0,0.0,0.0,116.07278546281758,75.55081961471194,-0.035726694554910156,0.2016826287118244,-0.1892928215914241,-0.9484949596939015,0.5767677082159988,-0.602847202311509,lift
-0.1573414070253329,1.5157177807978786,0.308159930117974,-1.363820192739618,4.20349180726038,5.567311999999998,0.5432665714285714,-0.08610977654740139,0.638788409690576,0.5613138353271716,-1.0502118908331153,1.2989738234525978,2.349185714285713,0.6360204999999997,0.00551254604335337,0.4053992253248298,0.2757413500081304,-0.7786352253852177,1.0366353460433528,1.8152705714285706,0.3693233571428569,-33.30487730125357,204.32481123423787,50.50540054922525,-624.6039076583961,363.89169062731764,988.4955982857138,58.749629857142835,-7.0326679945938775,86.94166534906009,86.69684620983114,-143.41772800887952,208.0158871339774,351.4336151428569,118.02050942857139,26.611005800940177,167.44356654855676,134.67899566516618,-362.2586026847739,448.49317160093995,810.7517742857139,207.46316378571416,1.4456362445328637,0.9011864423716028,1.0,4.245998077966917,212.37186510662696,184.68849300949944,2.0,605.5654181028838,0.6534109774436088,0.9938422316448896,0.390333789473684,0.4939993235394012,0.25684476691729313,0.40359690795086556,0.0,0.0,0.0,0.0,0.0,0.0,0.0,0.0,82.91912406934674,41.7594208656034,0.09573561234873822,0.196666116095571,-0.46968720798541075,-0.8263718114154711,0.5783328276738727,-0.3878536404872924,lift
0.46247660726038103,2.1041600140221397,1.1124063991596482,-1.5623933355967607,5.234315521546093,6.796708857142853,2.431027785714285,-0.047414805118829964,0.7822871841926163,0.7290355410991037,-1.5620581765474006,1.6714243948811691,3.2334825714285698,0.8615633571428564,0.04156054604335335,0.67898090118027,0.36600005506758215,-0.9668703682423604,1.4993453460433521,2.4662157142857124,0.4939931428571428,44.71287337017496,173.8782047752273,102.52536313757948,-335.3199099441106,405.7385860558891,741.0584959999996,131.48350714285706,18.64530747683469,158.08924473696453,106.98792592117685,-276.90314972316514,316.72605056254895,593.6292002857141,200.57644335714275,46.924636986654455,233.0407569025771,221.76282774086718,-494.8534972562024,541.4651241723685,1036.3186214285709,298.26273892857125,1.9265674639811539,1.4165717521726218,1.0,5.664461244700929,281.0228647406857,187.37340622477979,3.0,653.4055858905102,1.0431496090225558,1.4224503943561593,0.6421114887218041,0.792091443312554,0.452658736842105,0.7022351102585687,0.0,0.0,0.0,0.0,0.0,0.0,0.0,0.0,114.78497490636377,40.57986730358808,-0.3253540984316685,0.685944176984484,-0.36921079019176634,-0.750405011760396,0.6170758957534971,-0.5460523484064863,lift
0.6186127929746668,1.9146755004133982,0.6585697874570184,-1.2652367641681894,4.536056950117522,5.801293714285711,2.652042857142856,0.0026885805954557527,0.5854347385310545,0.3037587195321815,-1.0010838908331152,1.3029823948811692,2.3040662857142844,0.5422931428571427,0.04443767461478193,0.5276571102806872,0.3366142436958504,-0.9127132253852177,1.0319179174719242,1.944631142857142,0.44422807142857124,-26.39357705839643,238.95036232849571,151.38296272790237,-532.5067010869676,458.7646983416033,991.2713994285709,169.4055144285713,4.800726433977554,136.54209581324733,93.87678884480499,-218.58719372316523,267.40950713397746,485.9967008571427,134.9488033571428,13.450944200940194,225.21539259778373,137.4997429668176,-488.4298626847738,478.43709845808286,966.8669611428567,225.07145278571417,1.7804859343851909,1.22542714653756,2.0,4.267255146532238,288.4705377537287,210.11505724523897,2.0,586.6233871114468,0.8310982556390973,1.2380547093887928,0.400252902255639,0.5023197017149712,0.34844342857142835,0.5272336755686209,0.0,0.0,0.0,0.0,0.0,0.0,0.0,0.0,117.50952036497043,70.69575515916448,-0.18250821381670487,0.39932708427972735,-0.3800088480616827,-0.9292862312124641,0.6477278002555443,-0.5723720328974268,lift
-0.10062366416819009,1.4864284877358802,0.27816625183665494,-1.2231556213110468,3.8756975215460936,5.09885314285714,0.4326043571428569,0.025195280595455692,0.5224506394787414,0.25377172673368054,-0.7399941765474011,1.496367537738312,2.2363617142857133,0.3553002857142856,0.038109574614781885,0.4276533356539376,0.2981290671081989,-0.9127132253852177,1.0319179174719242,1.944631142857142,0.3583519999999999,-3.0478795583964455,195.68506175747123,39.971065311674856,-532.5067010869676,458.7646983416033,991.2713994285709,78.24805385714282,-11.970649151736731,103.7318438193682,57.59472230059776,-218.58719372316523,267.40950713397746,485.9967008571427,78.9655135714286,-13.733732527631224,162.9304051014055,98.10054338225929,-342.1855632562024,391.25548188665425,733.4410451428566,141.1227145714285,1.350218897818997,0.9243553899584026,1.0,3.88445914753831,207.18559659754132,181.6991626460537,2.0,624.1735521332222,0.5794903909774433,0.9852959988451772,0.3362801203007518,0.442715787218927,0.28748790977443595,0.46530421356249796,0.0,0.0,0.0,0.0,0.0,0.0,0.0,0.0,82.46822152347885,63.105082266060215,0.04154030466009185,0.33281295708505687,-0.36202703729465796,-0.809134904229251,0.5972064714207728,-0.20088375693716912,lift
0.23295196440323837,1.5828632809241903,0.24078095429481752,-1.0616167641681897,3.997064664403237,5.058681428571426,1.3594962142857137,0.15261825202402715,0.6310684682637687,0.5288698391792964,-1.2124067479759724,1.287893823452598,2.5003005714285704,0.7571632857142854,-0.09683731109950372,0.4420376514147338,0.27909224282227,-0.8765083682423604,1.0530599174719244,1.9295682857142848,0.32584399999999986,-44.4196555441107,239.3399498560142,52.96477012592576,-531.9066039441104,429.98592862731766,961.8925325714281,77.38428857142854,33.802990562548956,153.08997321431505,101.36726675045117,-323.9216451517366,342.2469045625488,666.1685497142854,167.47838292857136,-14.964931599059799,170.01890904864888,108.59080276205641,-343.6036009704882,379.7574887437971,723.3610897142853,129.67825721428565,1.4759095947664234,1.0038566354169882,1.0,4.018533558682767,263.4939470539524,208.655740259535,2.0,644.3891479493522,0.747689714285714,1.182641736799288,0.35149383458646605,0.42714370910633426,0.30923806015037575,0.4314226274934599,0.0,0.0,0.0,0.0,0.0,0.0,0.0,0.0,104.0937043205299,51.27438837221628,0.12577246934140318,-0.14132668461865577,-0.31157624813674745,-0.8840171256963243,0.5131564814265968,-0.4370479354158826,lift
0.029155521546095596,1.442687990100406,0.15729689417266876,-0.8491419070253325,3.997064664403237,4.846206571428569,0.22853528571428572,-0.0017518479759728132,0.5736211513548033,0.3250050447243176,-1.220143033690258,1.287893823452598,2.508036857142856,0.4296836428571429,0.017552917471924816,0.3731386954119206,0.22394071109576316,-0.8179803682423605,1.0530599174719244,1.871040285714285,0.3036021428571427,17.211107884460695,198.78753276098536,46.15204518604152,-480.8616402298248,429.98592862731766,910.8475688571425,103.82999828571423,-5.704028208879592,134.50566927451524,57.73391047947322,-323.9216451517366,342.2469045625488,666.1685497142854,86.38178585714282,4.881710658083046,159.31913913058702,103.10611176998806,-343.6036009704882,379.7574887437971,723.3610897142853,139.18219971428564,1.2673850287622774,0.9718635476568934,1.0,4.018533558682767,221.63926143912983,184.98506264447673,2.0,644.3891479493522,0.5520066165413532,1.0155183771011824,0.3103971278195487,0.40798890739679966,0.2772510676691728,0.4136804165927025,0.0,0.0,0.0,0.0,0.0,0.0,0.0,0.0,88.91188235375405,53.75099741864785,0.17682595063288165,0.026737619608489294,-0.2806806421972783,-0.8381088661049968,0.5266659497178368,-0.3665212879724494,lift
-0.054295821311047265,1.4675190699696776,0.2327361428568892,-1.072459335596761,4.2292606644032364,5.301719999999998,0.2350589999999998,0.015863980595455733,0.6389586988659189,0.708304737878374,-1.220143033690258,1.343601823452598,2.563744857142856,0.7387331428571426,0.1271944460433533,0.36649193039837674,0.25356310342150506,-0.6976883682423606,1.0361339174719244,1.733822285714285,0.4054413571428569,18.17603897017498,187.69400895371075,68.36911710056346,-490.61918765839624,453.8733014844605,944.4924891428568,99.94407885714278,7.761378162548972,129.9996825891104,75.76908214076985,-304.8358157231652,337.5432611339774,642.3790768571425,133.8821910714285,15.019742072368757,149.89408673402494,114.55573593493952,-348.5169249704882,343.7089450295114,692.2258699999996,166.62838142857132,1.3518830090237444,0.9423307454060815,1.0,4.23264948742744,213.93243284243985,171.59927133258856,2.0,619.4440100491738,0.5998291428571425,1.0855859829887402,0.4276612030075186,0.5271979063881489,0.2698914887218044,0.4093126114177815,0.0,0.0,0.0,0.0,0.0,0.0,0.0,0.0,85.9839283597081,63.46624561088291,0.09110083717089526,0.15334987874704245,-0.23549399961589268,-0.8489456875395541,0.5089164390898038,-0.2109008640478844,lift
0.5952396644032382,1.83011721348241,0.5331331677587677,-1.072459335596761,4.2292606644032364,5.301719999999998,2.6359127142857135,0.17734658059545566,0.5926915376045682,0.5306902629033042,-0.9067670336902582,1.343601823452598,2.250368857142856,0.6165014285714283,0.1123926746147819,0.5117208907450267,0.35458422978540577,-1.0640092253852176,1.0361339174719244,2.100143142857142,0.4139617857142855,-16.055468629825008,260.46620567716786,190.1215556413558,-550.6034879441105,453.8733014844605,1004.476789428571,194.2861191428571,11.523774262548972,163.39880130424106,92.25962014213955,-304.8358157231652,337.8491291339774,642.6849448571426,139.80706971428566,17.19630251522589,197.0838281490749,144.3109310836022,-348.5169249704882,435.2115867437971,783.7285117142853,194.70668592857132,1.7399746104823568,1.1547090888051361,2.0,4.162992207337365,303.98717651649997,204.11254901479379,3.0,620.5168971745356,1.022642586466165,1.4749550753072074,0.39617894736842085,0.49851837476604605,0.3842143308270675,0.5077045221618774,0.0,0.0,0.0,0.0,0.0,0.0,0.0,0.0,123.66903403580008,76.53360394316618,-0.055176113617549795,0.06152065861449259,-0.22597713570569122,-0.9514075211310247,0.4862965233500998,-0.3735784881652138,lift
-0.007645878453904386,1.5812070244068135,0.38564665246595065,-1.2489324784539038,4.313059235831807,5.561991714285711,0.8690565714285712,0.17882668059545564,0.5993302212711743,0.6132438842331828,-0.9660716051188295,1.247195823452598,2.2132674285714273,0.8331594999999997,-0.06324213967093231,0.4486888785446932,0.32421735934565726,-1.0382546539566462,0.9477987746147815,1.9860534285714277,0.3483211428571427,-1.9377775012535854,194.07540485156008,96.29700035531096,-438.3564362298248,417.8946900558891,856.2511262857139,104.00123235714278,24.463058919691825,123.79499701160333,103.53371670063875,-154.24925543745098,328.6037639911203,482.85301942857126,122.24892528571422,-22.432990799059798,195.01856747444998,106.62680193300547,-388.3899312562024,471.06897931522565,859.4589105714281,141.3338990714285,1.4851539355316992,0.9439750394195194,1.0,4.333137059364423,235.6435180845154,191.31197925765784,2.0,599.0950949972896,0.7186540601503756,1.1215300477618535,0.4148131278195486,0.5114463641815313,0.3292929323308269,0.5046028436860347,0.0,0.0,0.0,0.0,0.0,0.0,0.0,0.0,93.30191234678057,41.418828132766784,-0.11661916295914329,0.11270579186824947,-0.2251890505269857,-0.8137329709670581,0.6301102451832536,-0.42694746487122703,lift
-0.10052072131104721,1.611623591966971,0.522117856875905,-1.299589335596761,4.313059235831807,5.6126485714285685,0.9302623571428569,0.08690106630974143,0.5046880149523717,0.5274478118514325,-0.8803833194045438,1.2222555377383124,2.102638857142856,0.5818229999999998,-0.10207415395664658,0.4273050192237042,0.34899714922512604,-0.8777660825280748,0.9477987746147815,1.8255648571428562,0.5754978571428568,34.40587037017497,184.28452124413081,98.35975181132825,-438.3564362298248,417.8946900558891,856.2511262857139,112.29536378571423,22.7988968911204,108.82440691577699,79.86830444587922,-154.24925543745098,328.6037639911203,482.85301942857126,88.95350278571422,1.128212543797345,191.8179592884494,133.2210431911454,-388.3899312562024,471.06897931522565,859.4589105714281,167.59595521428565,1.4688892621954628,0.9513515928017126,1.0,4.333137059364423,232.237041542442,174.26545507034265,2.0,599.0950949972896,0.7314904962406011,1.0934885557318195,0.3873630526315788,0.46631020110954097,0.3239476240601502,0.49594242134427735,0.0,0.0,0.0,0.0,0.0,0.0,0.0,0.0,93.43229199782081,41.37477411064743,-0.10200195380970525,0.30971393113496637,-0.15787058311252064,-0.6353402196386544,0.5905976439583391,-0.360287605182825,lift
-0.1146700213110472,1.4653513832616232,0.23029133179857353,-1.130222478453904,4.088916092974665,5.2191385714285685,0.2809397857142856,0.03168349488117003,0.5578768731791897,0.5379567081765173,-0.9748861765474007,1.3343452520240264,2.3092314285714273,0.5799289999999997,0.12113478890049618,0.4117114349372351,0.2591018935095251,-1.0640092253852176,1.0170602031862102,2.0810694285714275,0.3419254999999998,-5.341395172682154,190.75586485473903,33.1551135939622,-550.6034879441105,423.35697691303193,973.9604648571424,62.21745814285712,-13.689580137451014,118.17125874314264,62.86983391385996,-254.71938000887948,337.8491291339774,592.5685091428569,101.39750642857138,5.229913429511614,144.41972607739893,85.91368827474548,-306.37188411334535,435.2115867437971,741.5834708571424,116.05525599999993,1.3441781665844958,0.9219540872016845,1.0,4.09333492724729,194.60855961602923,183.24873608042762,2.0,591.7670475228432,0.6061706616541351,1.0529509813775115,0.35731714285714267,0.4388782179325802,0.2971993984962405,0.4332422828395261,0.0,0.0,0.0,0.0,0.0,0.0,0.0,0.0,79.2432993493104,72.183114378723,0.096234743045134,-0.10640905190469145,-0.3684536328093561,-0.8907005100327168,0.4050939715570143,-0.22461904947958555,lift
0.4808442786889525,1.9671627565302303,0.8229312812008668,-1.503001049882475,4.2523960929746645,5.75539714285714,2.911305357142856,-0.13882004797597275,0.7364163464742072,0.7315868877168352,-1.5842058908331151,1.095333823452598,2.6795397142857134,0.9189815714285708,-0.2665622396709323,0.5683006758818565,0.4263360349518859,-1.372191511099503,0.9942859174719241,2.366477428571427,0.5588947142857138,-44.305058629824984,192.52803890345987,77.50196900559119,-547.0059948012533,238.37537605588918,785.3813708571425,101.58606549999996,42.15814781969183,115.08217083488256,126.70716002643587,-175.7315682945938,289.56829170540595,465.29985999999974,172.6332050714285,28.569067072368757,216.83293745118087,191.97374221169233,-388.4166303990596,469.7208233152257,858.1374537142854,225.43557149999987,1.8819001572884386,1.2308507041578571,2.0,4.366169368127272,264.2784764301369,178.99944331957929,2.0,573.4315313280284,0.7073221954887213,1.0181430530305986,0.5116850075187968,0.6158745257178918,0.3730298947368419,0.5464977557739561,0.0,0.0,0.0,0.0,0.0,0.0,0.0,0.0,110.43205246285814,60.615541498990105,-0.36702155827463323,0.38080938538433445,-0.46774922798565644,-0.6597351286007291,0.2955899181937259,-0.48319957466250224,lift
-0.13359717845390434,1.5735671535931404,0.4002115248602328,-1.3776504784539036,4.2523960929746645,5.630046571428569,0.5733466428571425,-0.13293134797597278,0.5869912845760661,0.5164221227530403,-1.2532816051188294,1.095333823452598,2.3486154285714274,0.6836434999999995,-0.2317931968137894,0.3932050516518444,0.3122741512743269,-1.372191511099503,0.5757787746147817,1.9479702857142849,0.4049539285714284,-30.036086458396436,181.02306977183318,62.53572272630957,-547.0059948012533,290.12951377017487,837.1355085714282,94.73939242857135,18.907824576834688,103.05010904383754,88.99625253816914,-133.35103486602236,289.56829170540595,422.9193265714283,129.88681749999995,17.70534578665447,169.57298548640964,142.47208030842077,-388.4166303990596,441.06600760094,829.4826379999996,194.8186619999999,1.4756759801644632,0.941758995019621,1.0,4.319171020863595,206.89187403201117,175.81973216692984,1.0,664.5362576769583,0.6511837593984959,1.027355845151814,0.3624349473684208,0.4739646345436696,0.2880065864661653,0.42491375191662617,0.0,0.0,0.0,0.0,0.0,0.0,0.0,0.0,84.92767250419584,61.03019811744455,0.04792934893777542,-0.1370729996416823,-0.23828176433431297,-0.7164610531748191,0.4342958643268622,-0.45413545921888454,lift
-0.024174064168190124,1.6039618425927926,0.44957540112632755,-1.2322644784539039,4.40745637868895,5.639720857142854,0.5770269999999997,0.1615702663097413,0.7312410395620635,0.6752818914643309,-1.004546176547401,1.6281881091668835,2.6327342857142844,0.8546699285714282,0.04768276032906764,0.5810500457901875,0.4503245388473066,-0.8093123682423605,1.5992490603290666,2.408561428571427,0.5553727857142854,12.29647847017498,172.2223843040179,68.70609754700733,-423.39974365839623,391.7343954844605,815.1341391428567,89.4997028571428,14.304859548263257,98.4978610808133,75.40035769822562,-178.69732286602238,251.0130248482632,429.7103477142856,100.8478208571428,-15.747403556202665,200.1950757045574,193.48862131589578,-441.4626401133452,374.9426484580828,816.405288571428,226.1946124285713,1.5431399120192741,1.045326934526136,1.0,4.559248607573935,229.7267109026921,165.13599860498425,2.0,601.0332503362176,0.6538774586466163,1.0612505776765908,0.47551097744360876,0.6340376492256998,0.3736592030075186,0.6089955180246152,0.0,0.0,0.0,0.0,0.0,0.0,0.0,0.0,93.22115294682798,44.24574749752921,-0.33988385692347584,0.5403970692338472,-0.540942125494963,-0.5777871671931778,0.6490230516460099,-0.23890647541030424,lift
0.4454366215460954,1.890336025414477,0.9891212470807658,-1.363820192739618,4.40745637868895,5.771276571428569,2.350764285714285,-0.04259421940454425,0.6527369616954678,0.5925073624038955,-1.004546176547401,1.6281881091668835,2.6327342857142844,0.8060025714285712,0.11533921747192474,0.6290748241044107,0.45910810979068467,-0.8093123682423605,1.5992490603290666,2.408561428571427,0.7453639285714284,22.36728224160355,211.93630504831697,149.73156264621457,-423.39974365839623,391.7343954844605,815.1341391428567,186.95212071428563,5.782040562548983,108.2247156575893,117.45925924825362,-178.69732286602238,251.0130248482632,429.7103477142856,136.1264485714285,46.13275085808302,213.2647930058758,195.7599026801487,-441.4626401133452,448.49317160093995,889.9558117142851,247.0086248571427,1.7519564779049255,1.2407057066122957,1.0,4.559248607573935,275.99436673157595,169.11690026325337,3.0,572.9437914137214,0.9033696691729318,1.228780981619648,0.4643374436090224,0.651195999336236,0.43222437593984936,0.6580075139377071,0.0,0.0,0.0,0.0,0.0,0.0,0.0,0.0,114.00149676656135,39.23168919052975,-0.33756163056229876,0.6137928172755793,-0.4336906738338174,-0.6979496521264463,0.5192248496398233,-0.4394253621113803,lift
0.0037453929746670165,1.441843922681175,0.36415463890617644,-1.2217007641681894,3.5950995215460937,4.816800285714283,0.9253472857142854,0.14083125202402708,0.6134319086307851,0.4840562809221123,-1.0800953194045437,1.381093823452598,2.4611891428571417,0.7100959999999996,-0.2911472110995036,0.44400578473007196,0.3361895840604069,-1.3153135110995031,0.9212350603290673,2.23654857142857,0.4564274285714283,-23.403369372682157,200.27015472273445,94.69749389287465,-457.7615888012533,353.11223519874625,810.8738239999996,129.71789199999992,19.893965848263257,145.4347651387612,73.94841188119301,-253.96483600887947,377.7600211339774,631.7248571428569,94.66303664285712,-12.511281670488367,198.19853170157597,145.00604659214474,-350.9647381133452,406.3746690295114,757.3394071428565,174.5125584999999,1.4375057873931987,0.8309903850406947,1.0,3.6118378607845187,251.43126165456957,196.02143800944572,2.0,595.6096005758849,0.684128796992481,1.0528924924973977,0.4436802706766916,0.5652985896215164,0.3352381804511277,0.4762760431193533,0.0,0.0,0.0,0.0,0.0,0.0,0.0,0.0,98.48228610553458,39.60123319312733,-0.05474083830606532,0.0009128499995637366,0.14826481948372935,-0.9272032881560334,0.5122600985947035,-0.4270374121310659,lift
-0.2285516641681901,1.4567924160927508,0.3075304595760599,-1.2731076213110468,3.5950995215460937,4.86820714285714,0.44134985714285724,0.06625275202402711,0.45039878563595354,0.32571118698096024,-0.721028176547401,1.2301252520240264,1.9511534285714274,0.575614857142857,-0.1817859968137894,0.40481870221941685,0.4219193629429579,-0.9966077968137891,0.9212350603290673,1.9178428571428565,0.5598477857142854,11.7941976987464,182.25082739300785,84.75042353628348,-457.7615888012533,353.11223519874625,810.8738239999996,120.00273592857138,15.509029419691828,136.12617285740333,90.41244201389742,-253.96483600887947,377.7600211339774,631.7248571428569,107.95088642857141,-4.507183856202659,166.7535324506862,92.08386950995347,-334.64194725620234,406.3746690295114,741.0166162857138,120.03960257142852,1.3883159751049412,0.8069892091007885,1.0,3.6118378607845187,216.7005344650187,181.64048493881666,2.0,595.6096005758849,0.5897418045112779,0.9592449641549485,0.31155723308270666,0.396852489563888,0.2859366766917292,0.44708584778886395,0.0,0.0,0.0,0.0,0.0,0.0,0.0,0.0,87.54155861252866,46.387834624760984,-0.03978895476291157,0.0918165675052571,0.061702735328860864,-0.8574032559805149,0.41097528992099347,-0.3931047715553403,lift
0.6508727644032383,2.025900811876042,0.8317214179540693,-1.341866192739618,4.530594092974665,5.872460285714283,2.913102928571427,0.039286537738312886,0.7239104325192782,0.8212586940980753,-1.115553890833115,1.331990966309741,2.447544857142856,0.9556535714285712,-0.08868441109950373,0.6373046252259669,0.6888032236971019,-1.1612575110995031,1.193361917471924,2.3546194285714273,0.9061147142857138,-11.954970858396436,240.1014813797816,119.35117468663877,-565.2641302298247,426.74694377017477,992.0110739999994,145.06151849999986,51.89584096254896,138.26611917722823,154.4601498048799,-206.00182029459376,297.2670579911202,503.268878285714,170.62685492857142,8.27833972951161,216.39188467637373,200.74475318447602,-381.75086239905966,465.20579017236855,846.9566525714282,244.75625685714272,1.981597980566228,1.241285927931979,2.0,4.500688568829949,300.77049720235226,189.82472806684706,3.0,568.779914138848,1.0256264060150373,1.4255327828746287,0.5502584661654132,0.6982174789464722,0.4804933383458644,0.6669295993589566,0.0,0.0,0.0,0.0,0.0,0.0,0.0,0.0,123.42829933376879,66.93480494350682,-0.2975019422686959,0.39572812068521207,-0.30484724640775435,-0.8158143357300452,0.4780257901384244,-0.2224045210487625,lift
-0.05413153559676146,1.4852981150408415,0.37025533523501014,-1.1246967641681895,4.2613249501175225,5.386021714285712,0.5122806428571427,-0.0586825908331156,0.6149767371630421,0.5568249394101704,-1.115553890833115,1.331990966309741,2.447544857142856,0.739542357142857,0.05210888890049622,0.4332076906389941,0.27378685668350616,-0.8713900825280748,1.193361917471924,2.064751999999999,0.3750874285714284,3.8930987130321286,195.70388231111494,52.0806099147044,-565.2641302298247,344.36489034160337,909.6290205714281,72.52098078571423,11.14718219112041,110.64629585402893,88.89654118496514,-206.00182029459376,297.2670579911202,503.268878285714,119.25170464285708,26.38444857236875,161.1092081245082,143.92642561124384,-381.75086239905966,380.90562502951144,762.6564874285712,197.29665957142845,1.3613327910769513,0.9632434888844984,1.0,4.31676694906511,211.09085423372207,181.03865762345632,2.0,601.7553597526044,0.6211614135338345,1.0140080085830647,0.3879495488721803,0.4536552977315529,0.30732362406015024,0.43877601252992643,0.0,0.0,0.0,0.0,0.0,0.0,0.0,0.0,84.01924174559696,62.35117035087897,0.17066032855884458,0.18804859193289664,-0.47377715449314406,-0.837872384484522,0.6017595021648101,-0.3059583166396803,lift
0.6160154358318095,1.8700176792304608,0.5123665702844767,-1.0200536213110467,4.280701807260379,5.300755428571426,2.4523399999999995,0.030336152024027164,0.5672391872247957,0.45325649063455975,-0.9592198908331151,1.4789998234525978,2.438219714285713,0.5909272857142857,0.05976378890049616,0.48387726271534337,0.2247171710576261,-1.0366183682423604,1.1038533460433528,2.140471714285713,0.30820728571428535,6.3351851987464105,226.95979779499297,130.42211492274313,-522.2257162298247,379.5290743416034,901.7547905714281,129.64939449999994,12.342944691120401,169.49865602858574,75.89974027368136,-301.39715715173656,362.47312713397747,663.870284285714,126.29457135714281,36.35354667236874,186.8242869126619,187.39417352001217,-397.76292811334525,333.9883473152257,731.751275428571,205.04478185714274,1.6732920717169724,1.2794234146780201,2.0,4.23929815025174,278.1590522100957,198.20560858728834,3.0,578.3793298356409,0.8454896390977439,1.2677797495133425,0.4183835037593983,0.5273336980491454,0.4219943458646615,0.6094267750117041,0.0,0.0,0.0,0.0,0.0,0.0,0.0,0.0,110.97411678780395,62.15816274675761,-0.1077455756627847,0.17333156387238802,-0.005551833286117772,-0.9383613361519749,0.478884019796442,-0.40934448667146256,lift
-0.11090132131104717,1.531741080500789,0.22898007603646373,-1.3960884784539036,4.133628950117522,5.529717428571426,0.300270357142857,0.13008892345259856,0.5882555894401146,0.6716245235915943,-0.8964067479759723,1.4789998234525978,2.37540657142857,0.9041723571428569,-0.022590296813789483,0.3923750087200873,0.1128408548504613,-1.0366183682423604,1.1038533460433528,2.140471714285713,0.1855169999999997,16.416288013032112,166.8968409481401,74.54538886568506,-406.7687910869676,379.5290743416034,786.297865428571,109.66795907142851,9.485213533977554,137.86409224725472,59.55919099654868,-301.39715715173656,362.47312713397747,663.870284285714,86.74225299999995,16.309815715225902,162.94786384153423,133.3705958185299,-397.76292811334525,314.46983045808287,712.2327585714281,176.71790528571418,1.4087265328177048,0.9441692814259977,1.0,4.15922917177881,206.9712793034593,176.63927422918596,2.0,594.3801021847936,0.6388192932330824,1.0644022392758983,0.41383099248120275,0.5345954243366341,0.2791790075187968,0.4912346342996246,0.0,0.0,0.0,0.0,0.0,0.0,0.0,0.0,81.69076941574984,62.19740449134564,-0.13608054721303467,0.184983415516165,0.07622871314716417,-0.9398916869471655,0.46630767774160403,-0.3969943799333495,lift
0.2770894644032383,1.7504724007564152,0.34196919110877555,-1.0914890498824754,4.555883235831807,5.647372285714282,1.2749172857142852,0.23492123773831275,0.6313243046495551,0.5728215819468954,-0.8643984622616867,1.7720289663097406,2.6364274285714275,0.7650149285714282,0.043733760329067645,0.4342143336797985,0.3881253515749751,-0.7884929396709319,1.0360347746147813,1.8245277142857133,0.4867406428571426,-3.6194759298250148,220.8269181259846,126.97494128513284,-469.14617165839616,433.04620091303195,902.1923725714281,132.24601885714281,26.5795303054061,155.11401009310072,110.45121036169456,-196.8825991517366,365.92433170540585,562.8069308571424,134.78142814285707,-18.43902515620265,196.35827067017033,147.44602182562434,-425.78033039905955,429.06718188665434,854.847512285714,200.7176952142856,1.6073927027353023,1.0960994440440877,1.0,4.577524442630816,269.22353333431204,199.89925748167482,3.0,596.4307977238972,0.8445467067669167,1.2908269013067466,0.4259340451127817,0.5220841674849175,0.3323553834586464,0.4698700350446527,0.0,0.0,0.0,0.0,0.0,0.0,0.0,0.0,109.09235462258529,46.04870686785761,-0.10224113677297973,0.06359796012480964,-0.2658240930010959,-0.88223028689947,0.6708532580703481,-0.6105466749723656,lift
-0.14533692131104717,1.5650086063850652,0.4824682021457758,-1.4849416213110465,4.254916378688951,5.739857999999997,0.5835112857142855,-0.010227090833115701,0.686323807182774,0.6954814994902021,-1.198969890833115,1.7720289663097406,2.9709988571428556,0.7441339285714283,0.05369751747192477,0.37577108384363944,0.2748585662871688,-0.7884929396709319,1.0763004889004957,1.8647934285714276,0.323298857142857,8.66810358446069,183.24801707751837,61.367553327908446,-469.14617165839616,405.7385860558891,874.8847577142852,84.89425792857138,-1.1760246374510188,131.05270614954225,66.25538276665743,-276.90314972316514,340.4315102768344,617.3346599999995,80.85252249999996,26.10564198665447,169.1853197382094,173.51241729911732,-425.78033039905955,334.7031684580829,760.4834988571424,200.06300378571416,1.4606447670301308,0.9757683720183954,2.0,3.146304062679929,217.0229147899719,181.76192676184883,2.0,617.1036737475321,0.6669875037593983,1.0879635723045948,0.5128690375939847,0.5975216879523246,0.2613503759398495,0.38911624064565353,0.0,0.0,0.0,0.0,0.0,0.0,0.0,0.0,87.58250790027546,46.26286859824072,0.11127432274534671,0.2656770534280235,-0.36352703441429346,-0.8890102330687719,0.6621760773622323,-0.40981971384079,lift
-0.04849926416819021,1.4037711214395714,0.18611042108805723,-0.8917479070253326,4.0651826644032365,4.956930571428569,0.5371912857142854,0.010765723452598602,0.39423708864652995,0.2766607751839208,-0.6346610336902582,0.7990823948811697,1.433743428571428,0.42174199999999973,-0.25118128252807514,0.3534921684671108,0.18597211548110248,-1.0177815110995032,0.6483413460433529,1.6661228571428561,0.2495917857142855,-14.620205744110724,168.1173177988964,28.807638019376736,-530.711352515539,245.59436119874627,776.3057137142853,76.04764699999996,-24.795351466022446,102.71073847858281,34.203784406350515,-222.77425943745092,267.23595027683456,490.01020971428545,79.07053228571425,-14.24490317048838,151.3618147745771,24.797688700651793,-372.59350611334537,398.96771531522575,771.5612214285711,92.39076149999995,1.2222231326456074,0.9070191214988275,1.0,4.1034822901630275,186.22827737366646,167.55247881682146,2.0,553.3967606547862,0.5432188872180448,0.9658385991190122,0.18305575939849614,0.2660328840129042,0.24097756390977432,0.3804384499222536,0.0,0.0,0.0,0.0,0.0,0.0,0.0,0.0,74.93972097341162,40.04752518519413,-0.3951800990809579,0.1884266640742321,-0.34779836496990857,-0.8268788107203939,0.5151367014183936,-0.6238009633080157,lift
-0.04661476416819013,1.4655000485060654,0.47982620499239875,-1.3776504784539036,4.0651826644032365,5.44283314285714,0.9691749999999997,-0.010223562261687098,0.4570837188906515,0.3417215965382852,-0.8284910336902582,0.7990823948811697,1.627573428571428,0.3811378571428571,-0.17280035395664656,0.4085764036396546,0.41126517160045967,-1.0177815110995032,0.6483413460433529,1.6661228571428561,0.49786807142857126,10.848217441603548,188.42085051562577,122.50063819816785,-530.711352515539,290.12951377017487,820.8408662857139,137.34031014285708,-5.41576558030816,107.22842637956634,102.75063141306174,-222.77425943745092,267.23595027683456,490.01020971428545,134.75492907142853,24.503956629511613,161.75245760460078,131.37446869380653,-372.59350611334537,398.96771531522575,771.5612214285711,192.60036014285703,1.329962485394945,0.8870669665198448,1.0,4.1034822901630275,214.72798060846148,166.74400273110987,2.0,553.3967606547862,0.7065116390977441,1.0376182399957787,0.2800338947368419,0.38135208106312063,0.31509378947368405,0.4473061541319499,0.0,0.0,0.0,0.0,0.0,0.0,0.0,0.0,84.17395371681235,32.94165893805213,-0.221428668846445,0.15407949302857954,-0.35505587294706487,-0.730138041739704,0.5792154925977153,-0.6092854805555857,lift
