Date,Time,Accel_X (g),Accel_Y (g),Accel_Z (g),Gyro_X (°/s),Gyro_Y (°/s),Gyro_Z (°/s),Mag_X (G),Mag_Y (G),Mag_Z (G),Timestamp (s)
2025-10-20,13:12:44.825,0.27791,-0.73391,-0.66131,4.02429,-9.16846,-5.76977,0.177,-0.29341,0.2121,4.0
2025-10-20,13:12:44.925,0.30776,-0.71922,-0.71746,4.16045,-1.46147,-9.10237,0.17784,-0.29041,0.2121,104.0
2025-10-20,13:12:45.024,0.32272,-0.69861,-0.74464,0.26587,-2.21155,-14.23601,0.18538,-0.28482,0.2121,204.0
2025-10-20,13:12:45.125,0.39379,-0.66054,-0.7509,-4.20879,-5.50188,-14.92368,0.19089,-0.27526,0.2121,304.0
2025-10-20,13:12:45.225,0.3839,-0.61919,-0.75011,-7.83669,-5.01204,-8.9177,0.19443,-0.26513,0.2121,404.0
2025-10-20,13:12:45.325,0.35257,-0.6121,-0.75884,-4.17495,-2.90603,-5.79876,0.19578,-0.25802,0.2121,504.0
2025-10-20,13:12:45.423,0.38689,-0.62123,-0.76088,4.39329,0.36658,-8.1785,0.19796,-0.25402,0.2121,604.0
2025-10-20,13:12:45.524,0.40831,-0.61818,-0.76319,4.14434,-7.17524,-6.35276,0.20045,-0.25149,0.2121,704.0
2025-10-20,13:12:45.624,0.37093,-0.63965,-0.74159,6.88359,-9.0887,-4.71062,0.19821,-0.25174,0.2121,804.0
2025-10-20,13:12:45.725,0.38221,-0.64009,-0.74628,8.71165,-9.29011,-3.96766,0.19625,-0.25405,0.2121,904.0
2025-10-20,13:12:45.824,0.3787,-0.62577,-0.73989,8.04536,-10.8676,-2.14944,0.1919,-0.2578,0.2121,1004.0
2025-10-20,13:12:45.925,0.36288,-0.59329,-0.73687,9.19988,-12.03984,-4.81638,0.18739,-0.26035,0.2121,1104.0
2025-10-20,13:12:46.025,0.43831,-0.54303,-0.73327,14.84275,-16.20513,-9.56297,0.18318,-0.26389,0.2121,1204.0
2025-10-20,13:12:46.124,0.43793,-0.54127,-0.81392,21.71748,-11.52825,-14.87268,0.1818,-0.26874,0.2121,1304.0
2025-10-20,13:12:46.225,0.34879,-0.63275,-0.91779,-5.54458,5.13127,-21.15727,0.18508,-0.26841,0.2121,1404.0
2025-10-20,13:12:46.325,0.52051,-0.95889,-1.16482,-42.10159,49.79568,-57.9887,0.2142,-0.23494,0.2121,1504.0
2025-10-20,13:12:46.424,1.66347,-1.21038,-1.5191,29.97795,-144.51035,67.33801,0.21665,-0.21917,0.2121,1604.0
2025-10-20,13:12:46.525,1.54931,0.03744,-0.60739,263.88309,-223.09391,355.42845,-0.04195,-0.37199,0.2121,1704.0
2025-10-20,13:12:46.625,-0.33015,1.99014,-0.03437,389.7292,-108.7968,499.31,-0.43733,-0.36663,0.2121,1804.0
2025-10-20,13:12:46.723,-0.73887,3.41363,0.55664,424.6228,-400.9124,339.0436,-0.5193,0.06223,0.2121,1904.0
2025-10-20,13:12:46.823,0.93453,7.30254,2.32473,-273.434,-356.7704,-369.2948,-0.27119,0.27447,0.2121,2004.0
2025-10-20,13:12:46.925,2.32699,6.3791,-3.83246,113.7192,-910.0308,94.7044,-0.23681,-0.09743,0.2121,2104.0
2025-10-20,13:12:47.024,-2.01285,4.60477,0.53848,181.66507,98.97987,173.57588,-0.07658,0.41125,0.2121,2204.0
2025-10-20,13:12:47.122,1.16415,2.49033,-0.87647,172.279,347.41301,-34.44141,0.00676,0.29834,0.2121,2304.0
2025-10-20,13:12:47.220,0.39511,1.25333,-1.65072,198.27634,251.64031,68.00475,0.18963,0.16286,0.2121,2404.0
2025-10-20,13:12:47.325,0.68457,0.46515,-1.30065,190.2769,112.64392,44.97182,0.27107,0.04778,0.2121,2504.0
2025-10-20,13:12:47.425,1.01808,0.07885,-0.95311,197.75186,63.70305,71.49678,0.30048,-0.05555,0.2121,2604.0
2025-10-20,13:12:47.523,1.03444,-0.06781,-0.66941,162.84807,9.62527,73.42022,0.30277,-0.1543,0.2121,2704.0
2025-10-20,13:12:47.620,0.81751,-0.22234,-0.46984,112.89126,-36.49336,40.50491,0.29012,-0.21715,0.2121,2804.0
2025-10-20,13:12:47.725,0.87,-0.00702,-0.28167,88.2041,-75.22002,29.74161,0.27503,-0.26058,0.2121,2904.0
2025-10-20,13:12:47.825,0.28727,-0.83361,0.20852,66.9249,-187.39585,-11.91371,0.24947,-0.28987,0.2121,3004.0
2025-10-20,13:12:47.924,0.3771,-0.92948,-0.26557,51.44568,-45.39917,-49.7023,0.24403,-0.28412,0.2121,3104.0
2025-10-20,13:12:48.025,0.47362,-0.64499,-0.60539,-6.42437,-33.97888,-12.67171,0.25011,-0.2727,0.2121,3204.0
2025-10-20,13:12:48.124,0.52484,-0.60226,-0.6728,4.76228,-14.56238,-10.89482,0.24846,-0.26431,0.2121,3304.0
2025-10-20,13:12:48.224,0.5877,-0.5555,-0.86493,23.5407,1.23025,2.92032,0.24846,-0.2674,0.2121,3404.0
2025-10-20,13:12:48.325,0.73712,-0.57997,-0.98007,20.79177,-10.64282,7.3126,0.2445,-0.28109,0.2121,3504.0
2025-10-20,13:12:48.424,0.79063,-0.71439,-0.89444,0.30857,-76.48008,13.72012,0.22548,-0.2982,0.2121,3604.0
2025-10-20,13:12:48.524,1.00865,-1.15943,-0.86111,-28.38193,-133.8071,2.81188,0.18297,-0.30626,0.2121,3704.0
2025-10-20,13:12:48.624,1.88788,-1.08163,-1.08576,62.87702,-338.95626,164.37277,0.01237,-0.33128,0.2121,3804.0
2025-10-20,13:12:48.725,0.6131,1.37649,-0.40182,378.3164,-270.4436,447.1516,-0.38644,-0.36896,0.2121,3904.0
2025-10-20,13:12:48.822,0.05332,4.74891,0.10012,562.1952,-477.6576,345.5984,-0.54767,-0.00404,0.2121,4004.0
2025-10-20,13:12:48.925,2.31676,7.62055,3.06031,-167.9384,-395.29,-754.6784,-0.34705,0.26874,0.2121,4104.0
2025-10-20,13:12:49.024,-1.00289,4.53891,-3.1968,180.1968,-822.4272,238.784,-0.2143,0.09586,0.2121,4204.0
2025-10-20,13:12:49.125,0.4657,4.42699,-0.82035,359.61961,267.36906,40.66274,0.01445,0.44075,0.2121,4304.0
2025-10-20,13:12:49.223,0.79063,1.79714,-0.92919,201.42739,202.13944,221.3381,0.1972,0.19493,0.2121,4404.0
2025-10-20,13:12:49.324,1.04929,0.63878,-1.43651,144.80361,54.17366,48.97866,0.27177,0.0571,0.2121,4504.0
2025-10-20,13:12:49.424,0.8366,0.34982,-0.95609,207.59465,30.73608,120.56348,0.27598,-0.06919,0.2121,4604.0
2025-10-20,13:12:49.524,0.70553,0.09691,-0.71421,221.13545,63.01985,95.79447,0.26198,-0.2142,0.2121,4704.0
2025-10-20,13:12:49.624,1.02417,-0.31443,-0.45771,163.00115,17.15742,27.32429,0.24619,-0.278,0.2121,4804.0
2025-10-20,13:12:49.725,1.13185,-0.57507,-0.18529,80.92009,-35.5886,29.69437,0.23844,-0.29484,0.2121,4904.0
2025-10-20,13:12:49.824,0.84649,-0.58103,-0.04055,28.97168,-105.1738,-32.6791,0.25073,-0.29593,0.2121,5004.0
2025-10-20,13:12:49.919,0.57414,-0.52336,0.10066,3.02446,-145.99841,-31.27531,0.27666,-0.27573,0.2121,5104.0
2025-10-20,13:12:50.023,0.23597,-0.97636,-0.03749,54.03669,-144.85437,-65.18267,0.28289,-0.25727,0.2121,5204.0
2025-10-20,13:12:50.125,0.6996,-0.72385,-0.61526,59.76416,-33.42297,-14.45611,0.29041,-0.24287,0.2121,5304.0
2025-10-20,13:12:50.221,0.5917,-0.61104,-0.60783,23.87183,-33.57766,-5.85406,0.28103,-0.25225,0.2121,5404.0
2025-10-20,13:12:50.323,0.57864,-0.60232,-0.73679,17.44424,-15.4051,-0.37202,0.2755,-0.25522,0.2121,5504.0
2025-10-20,13:12:50.425,0.59059,-0.61982,-1.00691,-17.51836,-36.53767,5.00641,0.26841,-0.26083,0.2121,5604.0
2025-10-20,13:12:50.524,1.3962,-0.81315,-1.50285,-76.05872,-102.07361,-37.35752,0.25638,-0.23331,0.2121,5704.0
2025-10-20,13:12:50.621,3.02918,-0.46598,-1.36891,161.70203,-394.48419,218.07983,0.08787,-0.26891,0.2121,5804.0
2025-10-20,13:12:50.724,0.94152,3.36445,-0.28918,508.7824,-119.042,599.1468,-0.39204,-0.37013,0.2121,5904.0
2025-10-20,13:12:50.820,-0.38727,5.97676,-0.39195,551.8408,-426.076,518.1792,-0.56585,0.12953,0.2121,6004.0
2025-10-20,13:12:50.921,1.18133,7.89191,1.24215,-348.2528,-556.3768,-520.0916,-0.37129,0.34099,0.2121,6104.0
2025-10-20,13:12:51.023,1.70684,6.3275,-3.24273,319.5304,-1110.8664,665.7112,-0.28372,-0.03691,0.2121,6204.0
2025-10-20,13:12:51.125,-1.78895,4.89609,0.02723,245.22982,-25.67595,144.55443,-0.01329,0.4538,0.2121,6304.0
2025-10-20,13:12:51.225,0.9266,2.7779,-0.31148,288.39348,253.04041,-222.72396,-0.07095,0.31108,0.2121,6404.0
2025-10-20,13:12:51.323,0.43807,1.1818,-1.16852,162.18984,206.77852,50.36796,0.06526,0.15966,0.2121,6504.0
2025-10-20,13:12:51.425,0.39297,0.61398,-1.29393,193.34648,147.70239,37.04562,0.1813,0.04091,0.2121,6604.0
2025-10-20,13:12:51.523,0.54771,0.19271,-1.04053,216.43118,73.12126,57.1883,0.23937,-0.09183,0.2121,6704.0
2025-10-20,13:12:51.625,0.71165,-0.18949,-0.77378,189.06196,25.04407,52.43312,0.24695,-0.21059,0.2121,6804.0
2025-10-20,13:12:51.722,0.82495,-0.5395,-0.34829,128.92881,-19.93132,-7.66905,0.24566,-0.2706,0.2121,6904.0
2025-10-20,13:12:51.824,0.76314,-0.47885,-0.10773,65.27571,-65.44329,-41.74873,0.25831,-0.27422,0.2121,7004.0
2025-10-20,13:12:51.925,0.50263,-0.49148,-0.08304,42.96042,-102.53445,-45.6815,0.26874,-0.25825,0.2121,7104.0
2025-10-20,13:12:52.021,0.41143,-1.10035,-0.3331,57.06116,-74.09128,-70.72,0.27325,-0.23882,0.2121,7204.0
2025-10-20,13:12:52.125,0.70057,-0.63243,-0.78546,31.16389,-20.23264,-20.94362,0.28808,-0.21909,0.2121,7304.0
2025-10-20,13:12:52.219,0.62419,-0.49643,-0.59483,8.89453,-20.63064,-1.78655,0.28356,-0.21816,0.2121,7404.0
2025-10-20,13:12:52.325,0.48977,-0.44135,-0.68076,8.80591,-6.173,4.62205,0.27759,-0.22329,0.2121,7504.0
2025-10-20,13:12:52.422,0.62542,-0.49312,-0.90564,18.93633,14.44878,0.66244,0.27624,-0.22978,0.2121,7604.0
2025-10-20,13:12:52.524,1.34395,-0.94955,-1.49457,48.17065,32.78086,20.51147,0.28505,-0.24566,0.2121,7704.0
2025-10-20,13:12:52.620,2.15566,-0.97096,-0.38356,76.98724,-218.12884,163.30594,0.2222,-0.32143,0.2121,7804.0
2025-10-20,13:12:52.722,1.66191,0.5205,0.14046,170.8812,-185.8948,484.7332,-0.10698,-0.45287,0.2121,7904.0
2025-10-20,13:12:52.821,-0.53869,2.62036,-0.09703,209.0648,-148.1816,643.5212,-0.5502,-0.23255,0.2121,8004.0
2025-10-20,13:12:52.924,0.15582,5.58539,0.31406,421.148,-521.4244,316.988,-0.46988,0.29484,0.2121,8104.0
2025-10-20,13:12:53.024,3.41,6.56234,0.84766,-490.99179,-440.03692,-1204.84632,-0.36828,0.10605,0.2121,8204.0
2025-10-20,13:12:53.121,-2.65664,5.28703,-3.10168,223.21728,-976.75542,855.33088,-0.1184,0.22422,0.2121,8304.0
2025-10-20,13:12:53.224,0.05496,4.6743,-0.69277,505.42527,338.74039,-292.06113,0.02172,0.39794,0.2121,8404.0
2025-10-20,13:12:53.325,0.91701,1.97852,-1.02978,317.50453,297.33293,178.73801,0.15476,0.11118,0.2121,8504.0
2025-10-20,13:12:53.425,0.60672,0.22841,-1.56633,184.06926,142.04744,55.72653,0.26008,-0.08762,0.2121,8604.0
2025-10-20,13:12:53.523,0.8844,-0.06367,-0.99178,134.048,71.13369,35.45126,0.29391,-0.15989,0.2121,8704.0
2025-10-20,13:12:53.621,0.94537,-0.24174,-0.51003,96.3969,-18.28777,48.01668,0.29113,-0.2121,0.2121,8804.0
2025-10-20,13:12:53.718,0.86754,-0.39515,-0.37237,61.93945,-58.80059,47.92756,0.27153,-0.26198,0.2121,8904.0
2025-10-20,13:12:53.825,0.67535,-0.58195,-0.24398,41.69714,-93.53276,-5.32099,0.25174,-0.29315,0.2121,9004.0
2025-10-20,13:12:53.925,0.60195,-0.53763,-0.12222,40.61514,-85.24731,-64.97116,0.26058,-0.27993,0.2121,9104.0
2025-10-20,13:12:54.025,0.22764,-0.80531,-0.14066,42.9,-98.88157,-76.10165,0.26967,-0.24984,0.2121,9204.0
2025-10-20,13:12:54.125,0.53448,-0.90764,-0.63796,34.70237,-48.98276,-75.08007,0.28132,-0.2079,0.2121,9304.0
2025-10-20,13:12:54.220,0.75776,-0.59322,-0.87153,23.62771,-5.7605,-0.04885,0.28987,-0.19266,0.2121,9404.0
2025-10-20,13:12:54.323,0.60855,-0.35119,-0.72429,17.21543,-20.13274,10.77135,0.28179,-0.20371,0.2121,9504.0
2025-10-20,13:12:54.424,0.55717,-0.4325,-0.88701,-0.79841,-24.9635,9.27523,0.26588,-0.21589,0.2121,9604.0
2025-10-20,13:12:54.525,1.00666,-0.61765,-1.36051,-14.11362,17.42007,11.45366,0.26035,-0.22189,0.2121,9704.0
2025-10-20,13:12:54.618,1.89564,-0.8956,-1.16859,33.45762,-155.80898,89.06109,0.22851,-0.24972,0.2121,9804.0
2025-10-20,13:12:54.724,2.00822,0.20919,-0.00075,158.78398,-312.31158,387.65671,-0.04475,-0.37782,0.2121,9904.0
2025-10-20,13:12:54.822,-0.18507,2.96298,-0.09974,274.9348,-190.2208,647.5028,-0.51157,-0.2674,0.2121,10004.0
2025-10-20,13:12:54.924,-0.33977,6.60137,0.15594,510.5716,-560.6916,352.1532,-0.50718,0.25965,0.2121,10104.0
2025-10-20,13:12:55.024,2.93527,5.73422,1.55914,-320.3676,-675.5336,-1281.7112,-0.33853,0.00826,0.2121,10204.0
2025-10-20,13:12:55.124,-2.30988,5.86766,-2.71836,-227.21485,-754.51778,1039.76111,-0.1233,0.31116,0.2121,10304.0
2025-10-20,13:12:55.224,0.15125,3.8677,-0.0082,398.74794,186.39661,-280.30891,0.00909,0.45223,0.2121,10404.0
2025-10-20,13:12:55.323,0.68958,1.7778,-0.35599,236.20866,116.165,56.61526,0.00559,0.26408,0.2121,10504.0
2025-10-20,13:12:55.425,0.1253,0.93273,-1.25777,48.07075,81.59202,81.63576,0.09595,0.15251,0.2121,10604.0
2025-10-20,13:12:55.520,0.38744,0.62331,-1.32402,174.98379,143.23901,10.68278,0.17201,0.07505,0.2121,10704.0
2025-10-20,13:12:55.625,0.63348,0.26974,-1.19938,208.92158,76.55662,51.93602,0.24089,-0.0558,0.2121,10804.0
2025-10-20,13:12:55.725,0.79394,-0.157,-1.00749,175.33425,17.47566,66.37495,0.25149,-0.18203,0.2121,10904.0
2025-10-20,13:12:55.823,0.63207,-0.41324,-0.60354,116.23315,-28.60591,32.42358,0.23836,-0.2727,0.2121,11004.0
2025-10-20,13:12:55.925,0.55437,-0.43411,-0.24181,79.98311,-66.86851,-22.42847,0.22888,-0.30533,0.2121,11104.0
2025-10-20,13:12:56.023,0.46228,-0.39398,-0.05283,53.18752,-118.06523,-42.37413,0.22174,-0.30823,0.2121,11204.0
2025-10-20,13:12:56.125,0.23256,-1.10022,-0.34969,51.5061,-79.37161,-84.01227,0.21839,-0.29391,0.2121,11304.0
2025-10-20,13:12:56.224,0.69389,-0.7339,-0.77023,24.67104,-20.66851,-40.8619,0.24366,-0.26538,0.2121,11404.0
2025-10-20,13:12:56.325,0.53311,-0.48017,-0.78262,10.32942,-22.44258,6.52669,0.24077,-0.26408,0.2121,11504.0
2025-10-20,13:12:56.425,0.48508,-0.42337,-0.84973,1.21333,-11.31877,7.49137,0.22801,-0.27422,0.2121,11604.0
2025-10-20,13:12:56.525,0.642,-0.53906,-0.95643,-12.95347,2.04558,3.54196,0.22026,-0.27736,0.2121,11704.0
2025-10-20,13:12:56.625,1.8232,-1.1791,-1.44284,23.74211,-58.44851,66.42649,0.2174,-0.29442,0.2121,11804.0
2025-10-20,13:12:56.724,1.99358,-0.34007,-0.23461,161.7202,-288.51623,379.27406,-0.02517,-0.40765,0.2121,11904.0
2025-10-20,13:12:56.824,-0.16075,2.86753,-0.04098,297.7716,-152.4376,638.7332,-0.49389,-0.31411,0.2121,12004.0
2025-10-20,13:12:56.924,-0.29754,6.22168,0.4307,494.7908,-477.0556,424.802,-0.51883,0.24706,0.2121,12104.0
2025-10-20,13:12:57.023,2.52078,6.96715,2.06945,-671.3224,-448.784,-1118.9808,-0.39032,0.11872,0.2121,12204.0
2025-10-20,13:12:57.125,-1.80457,5.50422,-3.31367,100.5452,-965.9944,889.5348,-0.14334,0.18972,0.2121,12304.0
2025-10-20,13:12:57.225,-0.30711,3.90316,-0.06859,410.09363,126.75941,-251.63402,0.05378,0.43253,0.2121,12404.0
2025-10-20,13:12:57.325,0.86958,2.41534,-0.64082,332.12547,274.31708,-9.22851,0.06922,0.22445,0.2121,12504.0
2025-10-20,13:12:57.421,0.80919,0.46866,-1.30751,192.61736,264.10151,136.00037,0.23382,0.02424,0.2121,12604.0
2025-10-20,13:12:57.525,0.8682,0.12053,-1.1438,199.7072,143.88032,76.98419,0.30463,-0.11957,0.2121,12704.0
2025-10-20,13:12:57.623,0.88706,-0.30098,-0.70359,113.52451,-1.84255,46.73474,0.30679,-0.19291,0.2121,12804.0
2025-10-20,13:12:57.722,0.98926,-0.50914,-0.38175,74.77529,-62.36323,44.68462,0.29228,-0.23657,0.2121,12904.0
2025-10-20,13:12:57.824,0.79025,-0.61469,-0.31793,31.21304,-113.96038,32.89759,0.27144,-0.27523,0.2121,13004.0
2025-10-20,13:12:57.924,0.55745,-0.5743,-0.306,26.27029,-104.64045,-29.54889,0.25429,-0.28575,0.2121,13104.0
2025-10-20,13:12:58.025,0.46457,-0.37449,-0.20928,32.42314,-104.49302,-50.22839,0.24708,-0.26995,0.2121,13204.0
2025-10-20,13:12:58.125,0.34483,-0.87777,-0.36894,43.8813,-70.16851,-62.81313,0.2417,-0.25359,0.2121,13304.0
2025-10-20,13:12:58.220,0.58371,-0.83002,-0.86332,38.1071,-13.56335,-44.72649,0.25402,-0.23028,0.2121,13404.0
2025-10-20,13:12:58.325,0.6787,-0.48059,-0.75675,29.10703,-6.74019,6.68559,0.26198,-0.23121,0.2121,13504.0
2025-10-20,13:12:58.424,0.49137,-0.43309,-0.76011,7.6804,-13.13152,11.80957,0.25048,-0.24997,0.2121,13604.0
2025-10-20,13:12:58.525,0.57682,-0.44832,-0.97451,-26.39678,-10.19971,5.72361,0.23937,-0.25196,0.2121,13704.0
2025-10-20,13:12:58.623,0.98793,-0.60016,-1.24944,-16.16484,58.78689,-1.74951,0.24669,-0.24492,0.2121,13804.0
2025-10-20,13:12:58.725,1.94798,-0.93303,-0.91268,46.86548,-152.88926,115.50876,0.22212,-0.28086,0.2121,13904.0
2025-10-20,13:12:58.824,1.45564,0.09193,-0.18922,143.59681,-320.35535,384.44287,-0.07146,-0.40526,0.2121,14004.0
2025-10-20,13:12:58.922,-0.44025,2.8145,-0.01218,345.7104,-245.6048,584.052,-0.52139,-0.27503,0.2121,14104.0
2025-10-20,13:12:59.022,-0.80801,6.82762,0.98727,556.6512,-517.7592,241.0744,-0.47874,0.27298,0.2121,14204.0
2025-10-20,13:12:59.125,2.8627,5.40613,0.52645,16.6684,-814.45,-1123.2816,-0.26944,-0.04265,0.2121,14304.0
2025-10-20,13:12:59.225,-1.99434,6.45277,0.28586,-102.85188,-620.26804,1035.37823,-0.126,0.40728,0.2121,14404.0
2025-10-20,13:12:59.324,0.66566,3.35641,0.32086,109.96731,95.83736,-379.18759,-0.02284,0.43236,0.2121,14504.0
2025-10-20,13:12:59.425,0.58832,1.61756,-0.42764,163.17114,244.28943,-102.21809,-0.09368,0.35577,0.2121,14604.0
2025-10-20,13:12:59.524,0.72993,1.01767,-0.90488,207.04231,291.20044,-25.78118,0.03543,0.25126,0.2121,14704.0
2025-10-20,13:12:59.625,0.84796,0.59781,-1.11851,263.19675,303.15125,120.65367,0.2419,0.07398,0.2121,14804.0
2025-10-20,13:12:59.725,0.67479,-0.08832,-0.99343,200.19946,102.66738,135.07918,0.31698,-0.11957,0.2121,14904.0
2025-10-20,13:12:59.824,0.83539,-0.45835,-0.65871,112.23142,-53.3116,55.69325,0.29795,-0.22801,0.2121,15004.0
2025-10-20,13:12:59.924,0.70918,-0.62092,-0.32763,53.09246,-105.40664,3.0717,0.27363,-0.27014,0.2121,15104.0
2025-10-20,13:13:00.025,0.50907,-0.57445,-0.18861,33.95793,-116.8511,-52.18564,0.2603,-0.26499,0.2121,15204.0
2025-10-20,13:13:00.125,0.19431,-0.73611,-0.15256,41.40308,-82.57815,-51.8657,0.25335,-0.24636,0.2121,15304.0
2025-10-20,13:13:00.220,0.43071,-0.85702,-0.68658,41.59402,-27.94929,-47.26029,0.25528,-0.23154,0.2121,15404.0
2025-10-20,13:13:00.325,0.75745,-0.58855,-0.95725,22.55054,-3.34592,-10.15347,0.26244,-0.22166,0.2121,15504.0
2025-10-20,13:13:00.425,0.66091,-0.34267,-0.72185,21.91406,-8.5771,3.75722,0.26159,-0.22725,0.2121,15604.0
2025-10-20,13:13:00.524,0.46787,-0.32206,-0.79417,10.18762,-17.08975,4.3429,0.25475,-0.2424,0.2121,15704.0
2025-10-20,13:13:00.624,0.98071,-0.49567,-1.26973,16.38157,64.98486,-2.19668,0.25907,-0.24695,0.2121,15804.0
2025-10-20,13:13:00.725,2.36908,-0.99034,-1.08793,86.22539,-110.67327,102.78337,0.25685,-0.28738,0.2121,15904.0
2025-10-20,13:13:00.825,1.98728,0.84681,0.09009,198.7328,-258.5044,505.806,-0.04065,-0.44768,0.2121,16004.0
2025-10-20,13:13:00.924,-0.54684,4.4441,-0.15102,311.3264,-213.2256,743.2292,-0.54726,-0.21699,0.2121,16104.0
2025-10-20,13:13:01.025,-1.38422,7.69746,0.77949,546.728,-526.9992,164.1976,-0.42613,0.40382,0.2121,16204.0
2025-10-20,13:13:01.124,2.98781,6.02965,-0.93516,-75.04,-1178.0972,-651.1232,-0.31838,-0.08367,0.2121,16304.0
2025-10-20,13:13:01.224,-4.30227,5.05238,-0.42453,-404.37931,-202.07726,888.34354,-0.13004,0.47874,0.2121,16404.0
2025-10-20,13:13:01.325,0.36699,3.24105,0.1648,435.0024,286.3672,-415.408,-0.1233,0.44821,0.2121,16504.0
2025-10-20,13:13:01.424,0.70312,1.50011,-0.62166,297.06808,395.62825,98.72668,0.02778,0.1568,0.2121,16604.0
2025-10-20,13:13:01.525,0.8037,0.36525,-1.09218,89.38118,308.9595,147.58169,0.24893,-0.03356,0.2121,16704.0
2025-10-20,13:13:01.625,0.87282,-0.28802,-1.16818,109.73225,154.93242,48.98296,0.31285,-0.13862,0.2121,16804.0
2025-10-20,13:13:01.725,1.01286,-0.56349,-1.02359,89.14915,17.44102,6.60024,0.32398,-0.17807,0.2121,16904.0
2025-10-20,13:13:01.824,1.05635,-0.55078,-0.58118,64.57559,-61.17246,31.96298,0.31865,-0.19948,0.2121,17004.0
2025-10-20,13:13:01.920,1.04186,-0.61512,-0.34936,32.48921,-82.39607,24.12268,0.30114,-0.23005,0.2121,17104.0
2025-10-20,13:13:02.025,0.63047,-0.48276,-0.31504,34.6363,-47.49792,-15.0493,0.29584,-0.23882,0.2121,17204.0
2025-10-20,13:13:02.123,0.50163,-0.34549,-0.18701,42.85327,-74.30559,-27.14231,0.29811,-0.23028,0.2121,17304.0
2025-10-20,13:13:02.225,0.41272,-0.77658,-0.36889,58.49766,-66.43989,-40.59295,0.28987,-0.22473,0.2121,17404.0
2025-10-20,13:13:02.321,0.74465,-0.69273,-0.81254,25.88276,-37.59792,-40.93007,0.29461,-0.20674,0.2121,17504.0
2025-10-20,13:13:02.425,0.77431,-0.35681,-0.71026,15.25525,-1.55896,-2.96541,0.29871,-0.19619,0.2121,17604.0
2025-10-20,13:13:02.521,0.61543,-0.29916,-0.74079,16.20352,-11.8916,5.65328,0.29461,-0.20324,0.2121,17704.0
2025-10-20,13:13:02.625,0.77009,-0.29494,-1.00493,-22.39263,14.40447,-7.87842,0.29543,-0.20806,0.2121,17804.0
2025-10-20,13:13:02.724,1.37076,-0.41614,-1.40273,-61.43752,-8.20488,-53.93891,0.31372,-0.16968,0.2121,17904.0
2025-10-20,13:13:02.824,2.83813,-0.5674,-1.22305,127.235,-297.80622,108.17125,0.25225,-0.18054,0.2121,18004.0
2025-10-20,13:13:02.923,1.70493,2.12874,-0.02042,380.8056,-162.5344,525.6608,-0.12027,-0.40882,0.2121,18104.0
2025-10-20,13:13:03.024,-0.91438,5.50289,-0.42074,362.9584,-217.9492,793.9316,-0.60187,-0.12092,0.2121,18204.0
2025-10-20,13:13:03.122,-0.89234,7.8541,3.04723,-2.2176,-595.8512,-302.6576,-0.48247,0.31512,0.2121,18304.0
2025-10-20,13:13:03.225,0.74668,5.68086,-2.43082,126.938,-1112.0816,236.1576,-0.27043,-0.06666,0.2121,18404.0
2025-10-20,13:13:03.324,-2.67336,4.17434,-0.0841,241.87257,59.16548,-1.84925,-0.02307,0.50391,0.2121,18504.0
2025-10-20,13:13:03.424,0.66986,2.74514,-0.37963,411.94622,307.10275,-187.29517,-0.07398,0.28255,0.2121,18604.0
2025-10-20,13:13:03.523,0.58013,0.70206,-1.18326,158.28398,327.3687,143.79826,0.117,0.05967,0.2121,18704.0
2025-10-20,13:13:03.620,0.67064,-0.07011,-1.38835,185.17866,197.29182,92.27291,0.28204,-0.09545,0.2121,18804.0
2025-10-20,13:13:03.720,0.61448,-0.38456,-0.95648,137.53572,71.87329,80.74248,0.30486,-0.21793,0.2121,18904.0
2025-10-20,13:13:03.821,0.75268,-0.72596,-0.35689,75.70422,-52.73232,29.5199,0.28507,-0.27876,0.2121,19004.0
2025-10-20,13:13:03.924,0.7406,-0.90177,-0.22701,48.2198,-52.22234,13.67933,0.26827,-0.30696,0.2121,19104.0
2025-10-20,13:13:04.025,0.61589,-0.76839,-0.28922,35.3606,-30.99229,-14.29775,0.26086,-0.31264,0.2121,19204.0
2025-10-20,13:13:04.122,0.45288,-0.51739,-0.23812,8.80188,-58.74902,-8.81678,0.26338,-0.30906,0.2121,19304.0
2025-10-20,13:13:04.224,0.25545,-0.70252,-0.30056,9.14268,-67.96421,-17.70496,0.25528,-0.30426,0.2121,19404.0
2025-10-20,13:13:04.323,0.61746,-0.89944,-0.78914,21.15432,-23.46416,-26.88195,0.25708,-0.29111,0.2121,19504.0
2025-10-20,13:13:04.424,0.77227,-0.64037,-0.62342,20.06426,-2.26633,1.38876,0.26209,-0.28533,0.2121,19604.0
2025-10-20,13:13:04.524,0.60317,-0.46854,-0.54213,6.46868,-15.1207,14.31814,0.25452,-0.29484,0.2121,19704.0
2025-10-20,13:13:04.625,0.61292,-0.44268,-0.72186,9.24661,-16.7417,-2.66801,0.24669,-0.29972,0.2121,19804.0
2025-10-20,13:13:04.723,0.88972,-0.57339,-1.01056,20.87234,20.75793,-1.90357,0.24776,-0.30417,0.2121,19904.0
2025-10-20,13:13:04.824,1.16353,-0.9185,-0.94232,8.90098,-29.03694,-1.83916,0.2525,-0.31285,0.2121,20004.0
2025-10-20,13:13:04.923,1.74618,-1.20342,-0.42989,-23.18137,-225.69551,66.89245,0.20884,-0.32864,0.2121,20104.0
2025-10-20,13:13:05.023,1.62457,-0.15491,-0.14584,85.66438,-358.96691,371.42809,-0.1044,-0.39418,0.2121,20204.0
2025-10-20,13:13:05.122,-0.36271,2.71484,-0.0206,298.2784,-186.718,585.2812,-0.53724,-0.25196,0.2121,20304.0
2025-10-20,13:13:05.221,-0.02918,5.98602,0.34988,505.9684,-489.6136,348.5972,-0.56661,0.23129,0.2121,20404.0
2025-10-20,13:13:05.323,2.795,6.8934,2.15461,-436.9792,-544.2416,-1149.4336,-0.38644,0.09789,0.2121,20504.0
2025-10-20,13:13:05.425,-2.04359,5.85,-2.74699,75.95,-1048.9416,849.4192,-0.17372,0.23079,0.2121,20604.0
2025-10-20,13:13:05.525,-0.66926,4.13996,-0.43219,407.74224,251.71692,-270.19634,-0.02844,0.42537,0.2121,20704.0
2025-10-20,13:13:05.620,0.77037,2.05986,-1.0772,348.79267,321.09408,21.89345,0.05808,0.17372,0.2121,20804.0
2025-10-20,13:13:05.720,0.5448,0.19174,-1.50052,259.79846,194.44944,82.84844,0.21723,-0.05128,0.2121,20904.0
2025-10-20,13:13:05.823,0.62865,-0.29231,-0.86092,221.67847,118.42295,28.69427,0.27977,-0.18988,0.2121,21004.0
2025-10-20,13:13:05.923,0.71027,-0.54424,-0.3896,84.74539,-5.89907,44.45324,0.28668,-0.25266,0.2121,21104.0
2025-10-20,13:13:06.021,0.73817,-0.65722,-0.23743,18.24023,-48.76282,59.0441,0.2592,-0.30025,0.2121,21204.0
2025-10-20,13:13:06.125,0.50741,-0.75002,-0.45116,15.4188,-55.21055,14.73043,0.22608,-0.33353,0.2121,21304.0
2025-10-20,13:13:06.222,0.52961,-0.60771,-0.38973,30.29297,-68.3606,-55.49999,0.23154,-0.32699,0.2121,21404.0
2025-10-20,13:13:06.325,0.51997,-0.38519,-0.13005,5.11516,-116.12681,-51.00517,0.24147,-0.2995,0.2121,21504.0
2025-10-20,13:13:06.424,0.15167,-0.96122,-0.47351,26.15991,-69.74875,-68.52761,0.23306,-0.27346,0.2121,21604.0
2025-10-20,13:13:06.520,0.73185,-0.8262,-1.04729,22.66655,0.18208,-53.55454,0.26035,-0.23867,0.2121,21704.0
2025-10-20,13:13:06.621,0.65634,-0.393,-0.70217,-0.86528,-20.04331,11.20779,0.26614,-0.22927,0.2121,21804.0
2025-10-20,13:13:06.725,0.48726,-0.36739,-0.96905,-4.65271,5.25212,6.07576,0.25941,-0.23867,0.2121,21904.0
2025-10-20,13:13:06.825,1.1901,-0.60182,-1.25962,-30.68936,49.74089,-43.09508,0.27826,-0.22271,0.2121,22004.0
2025-10-20,13:13:06.924,2.40368,-0.81425,-0.98047,19.78469,-243.99375,110.2699,0.24403,-0.22212,0.2121,22104.0
2025-10-20,13:13:07.025,1.61604,0.87055,-0.13568,226.5452,-259.4368,477.5876,-0.12368,-0.37627,0.2121,22204.0
2025-10-20,13:13:07.122,-0.78898,3.8666,-0.32922,326.4184,-172.2896,708.6296,-0.56172,-0.19136,0.2121,22304.0
2025-10-20,13:13:07.225,-0.72227,7.29859,0.78145,418.8268,-609.602,193.816,-0.52268,0.3227,0.2121,22404.0
2025-10-20,13:13:07.324,2.80379,5.58371,-0.79344,-78.4812,-995.05,-956.5668,-0.2988,-0.11048,0.2121,22504.0
2025-10-20,13:13:07.425,-1.93945,6.03531,-0.63586,-92.67269,-553.74724,888.07454,-0.09696,0.46889,0.2121,22604.0
2025-10-20,13:13:07.523,0.46121,3.66824,-0.05527,373.0832,266.5096,-432.5496,-0.03846,0.37269,0.2121,22704.0
2025-10-20,13:13:07.624,0.89966,1.65403,-0.97812,289.93946,410.17664,9.1311,0.10201,0.14948,0.2121,22804.0
2025-10-20,13:13:07.722,1.02072,0.24865,-1.58779,203.08021,278.928,77.10488,0.29158,-0.02238,0.2121,22904.0
2025-10-20,13:13:07.822,1.01469,-0.17703,-0.81577,141.87019,87.92776,61.48181,0.33709,-0.11287,0.2121,23004.0
2025-10-20,13:13:07.925,1.0875,-0.31175,-0.39106,101.75295,-54.93098,91.93739,0.32747,-0.1839,0.2121,23104.0
2025-10-20,13:13:08.022,0.77863,-0.55296,-0.24505,73.5531,-108.72275,84.96674,0.28289,-0.2716,0.2121,23204.0
2025-10-20,13:13:08.122,0.45759,-0.6533,-0.1727,51.349,-116.19851,6.7833,0.24613,-0.31349,0.2121,23304.0
2025-10-20,13:13:08.225,0.36046,-0.51192,0.02765,40.53054,-103.35623,-32.45418,0.23482,-0.31866,0.2121,23404.0
2025-10-20,13:13:08.323,0.22294,-0.55412,-0.11799,11.51616,-77.82554,-35.93601,0.22748,-0.30789,0.2121,23504.0
2025-10-20,13:13:08.419,0.47032,-1.16208,-0.89095,-3.94292,-19.94663,-60.01843,0.23508,-0.28129,0.2121,23604.0
2025-10-20,13:13:08.524,0.73498,-0.55881,-0.87416,-9.81218,13.67937,-17.65128,0.26221,-0.24403,0.2121,23704.0
2025-10-20,13:13:08.624,0.46411,-0.34345,-0.66616,-1.11343,1.88928,4.18024,0.26361,-0.24139,0.2121,23804.0
2025-10-20,13:13:08.725,0.62342,-0.27807,-1.02941,-5.07649,17.23799,-8.56931,0.26571,-0.24054,0.2121,23904.0
2025-10-20,13:13:08.819,1.04742,-0.51311,-1.19578,-13.52227,42.63171,-36.81425,0.28709,-0.22447,0.2121,24004.0
2025-10-20,13:13:08.924,1.98692,-0.75975,-1.02099,2.59263,-159.96541,12.57991,0.29321,-0.21047,0.2121,24104.0
2025-10-20,13:13:09.024,2.38932,-0.18975,-0.45463,146.33112,-379.89453,303.78116,0.05179,-0.3165,0.2121,24204.0
2025-10-20,13:13:09.118,-0.06387,2.70602,-0.05483,330.8256,-116.6312,640.0996,-0.4277,-0.34262,0.2121,24304.0
2025-10-20,13:13:09.219,0.04188,5.82805,0.23418,483.3136,-481.6308,497.0616,-0.6012,0.14645,0.2121,24404.0
2025-10-20,13:13:09.324,2.36898,7.59141,2.67988,-347.3232,-490.2996,-573.1068,-0.45403,0.21723,0.2121,24504.0
2025-10-20,13:13:09.423,-0.63707,4.97906,-4.25574,-31.206,-909.468,186.2672,-0.0962,0.11438,0.2121,24604.0
2025-10-20,13:13:09.520,-0.22074,4.05957,-1.03055,403.56747,299.92672,45.73401,0.07855,0.46149,0.2121,24704.0
2025-10-20,13:13:09.625,1.21426,2.6533,-0.38596,270.49228,213.65351,224.15831,0.22599,0.23053,0.2121,24804.0
2025-10-20,13:13:09.723,1.47165,0.69247,-1.29002,177.30974,234.83254,154.568,0.31815,0.03426,0.2121,24904.0
2025-10-20,13:13:09.821,0.98171,0.07636,-0.90168,118.6856,64.81084,129.93051,0.33305,-0.09393,0.2121,25004.0
2025-10-20,13:13:09.925,1.11808,-0.16986,-0.41117,102.0438,18.94277,89.10941,0.31279,-0.16991,0.2121,25104.0
2025-10-20,13:13:10.022,1.23641,-0.45193,-0.00587,71.53088,-36.71089,92.07482,0.28895,-0.22697,0.2121,25204.0
2025-10-20,13:13:10.121,0.72495,-0.43732,-0.08305,33.89993,-94.7324,38.33776,0.27759,-0.26641,0.2121,25304.0
2025-10-20,13:13:10.222,0.54042,-0.26019,-0.03095,36.70283,-132.3988,-21.68712,0.28886,-0.27018,0.2121,25404.0
2025-10-20,13:13:10.324,0.6379,-0.00537,0.05504,37.68252,-154.99365,-41.47334,0.29997,-0.25102,0.2121,25504.0
2025-10-20,13:13:10.420,0.52894,-0.98994,-0.42152,56.43677,-110.9625,-80.55621,0.29442,-0.22447,0.2121,25604.0
2025-10-20,13:13:10.524,0.97824,-0.93419,-0.89229,57.62432,-1.44697,-56.15491,0.31162,-0.1853,0.2121,25704.0
2025-10-20,13:13:10.624,0.744,-0.22072,-0.53162,13.69871,-16.66597,18.85376,0.3179,-0.18609,0.2121,25804.0
2025-10-20,13:13:10.724,0.45228,-0.23631,-0.57614,8.15735,-14.25542,5.70804,0.30789,-0.20091,0.2121,25904.0
2025-10-20,13:13:10.820,0.60954,-0.32857,-0.82078,-2.36301,15.85225,-0.74565,0.30578,-0.2073,0.2121,26004.0
2025-10-20,13:13:10.924,1.37484,-0.52162,-1.19195,-32.5738,86.35913,-17.23739,0.32421,-0.19881,0.2121,26104.0
2025-10-20,13:13:11.018,2.73668,-0.70543,-0.74535,15.15938,-171.28901,71.121,0.3209,-0.20742,0.2121,26204.0
2025-10-20,13:13:11.118,1.83995,0.08649,0.19208,167.39013,-299.38636,376.51321,0.08018,-0.37106,0.2121,26304.0
2025-10-20,13:13:11.218,-0.34196,2.45443,-0.09055,223.5716,-120.9908,641.494,-0.41259,-0.38885,0.2121,26404.0
2025-10-20,13:13:11.320,0.09699,5.9623,0.7225,451.5,-516.1464,478.3632,-0.58549,0.12889,0.2121,26504.0
2025-10-20,13:13:11.424,2.50598,6.33137,3.1748,-588.0318,-394.35489,-287.35516,-0.43178,0.13761,0.2121,26604.0
2025-10-20,13:13:11.524,-2.3527,5.1448,-3.80504,136.95629,-975.70072,491.06912,-0.06946,0.23424,0.2121,26704.0
2025-10-20,13:13:11.624,-0.13133,4.31625,-0.40988,517.14974,306.04412,-147.80718,0.04495,0.44516,0.2121,26804.0
2025-10-20,13:13:11.720,1.0954,2.30905,-0.51611,299.42759,294.27509,175.11165,0.16945,0.18157,0.2121,26904.0
2025-10-20,13:13:11.825,1.26959,0.49706,-1.48985,152.71991,260.66879,128.07753,0.31487,-0.02071,0.2121,27004.0
2025-10-20,13:13:11.925,0.93199,-0.16398,-0.9615,101.52817,51.26924,69.66138,0.33633,-0.11374,0.2121,27104.0
2025-10-20,13:13:12.025,1.00605,-0.25768,-0.50557,93.52793,-23.50525,64.40159,0.32999,-0.16665,0.2121,27204.0
2025-10-20,13:13:12.125,1.06758,-0.45688,-0.1364,74.63108,-78.8866,76.29544,0.30929,-0.22492,0.2121,27304.0
2025-10-20,13:13:12.224,0.70987,-0.44098,-0.25274,61.19824,-109.15862,9.84158,0.2924,-0.26563,0.2121,27404.0
2025-10-20,13:13:12.325,0.82179,-0.23688,-0.20648,42.21841,-112.72046,-35.16245,0.29321,-0.26151,0.2121,27504.0
2025-10-20,13:13:12.421,0.60867,-0.33699,-0.1458,25.10369,-190.3325,-39.99117,0.27422,-0.2472,0.2121,27604.0
2025-10-20,13:13:12.525,0.15389,-1.14929,-0.58773,48.61135,-93.44575,-72.62733,0.23681,-0.23401,0.2121,27704.0
2025-10-20,13:13:12.625,0.61767,-0.58463,-0.97313,23.82107,-14.16519,-21.10788,0.24265,-0.21614,0.2121,27804.0
2025-10-20,13:13:12.724,0.36389,-0.26041,-0.672,28.75576,5.69202,22.40377,0.23797,-0.23378,0.2121,27904.0
2025-10-20,13:13:12.825,0.47866,-0.39705,-0.96618,3.27664,22.56021,10.00638,0.23382,-0.25654,0.2121,28004.0
2025-10-20,13:13:12.920,1.44972,-0.79676,-1.48599,1.23267,70.60759,16.59911,0.25615,-0.26221,0.2121,28104.0
2025-10-20,13:13:13.024,2.24872,-0.90942,-0.43483,51.96052,-245.60722,168.23655,0.18263,-0.32256,0.2121,28204.0
2025-10-20,13:13:13.123,0.96015,0.70876,0.11837,157.7996,-162.9292,501.0824,-0.18996,-0.4214,0.2121,28304.0
2025-10-20,13:13:13.223,-0.63844,3.06254,-0.20227,189.9184,-227.9732,633.374,-0.5906,-0.1563,0.2121,28404.0
2025-10-20,13:13:13.325,0.31422,6.39215,0.81547,427.7448,-541.5116,262.9256,-0.50554,0.34356,0.2121,28504.0
2025-10-20,13:13:13.422,4.06082,5.40473,1.1157,-328.944,-583.5004,-796.838,-0.36057,-0.00985,0.2121,28604.0
2025-10-20,13:13:13.523,-2.48363,5.57289,-4.02883,-10.56269,-806.71419,738.75122,-0.05943,0.3664,0.2121,28704.0
2025-10-20,13:13:13.625,0.23246,5.07887,-0.64859,625.7356,400.5204,-155.5792,0.05707,0.38784,0.2121,28804.0
2025-10-20,13:13:13.725,0.95175,1.70116,-0.86687,318.52499,226.99886,175.61321,0.21863,0.07249,0.2121,28904.0
2025-10-20,13:13:13.823,0.897,-0.15485,-1.11852,219.80208,184.1321,46.78252,0.29795,-0.10706,0.2121,29004.0
2025-10-20,13:13:13.924,1.01921,-0.35873,-0.69677,73.00203,53.72732,47.49757,0.32281,-0.16735,0.2121,29104.0
2025-10-20,13:13:14.025,0.97239,-0.35158,-0.49237,30.22368,-76.06113,101.58196,0.30217,-0.23,0.2121,29204.0
2025-10-20,13:13:14.125,0.6498,-0.47378,-0.2684,68.51287,-101.73362,27.14875,0.26408,-0.28948,0.2121,29304.0
2025-10-20,13:13:14.224,0.63943,-0.38194,-0.20793,82.02869,-123.43418,-45.09045,0.26159,-0.29442,0.2121,29404.0
2025-10-20,13:13:14.325,0.65083,-0.37196,-0.01181,53.99722,-163.6481,-39.2219,0.26011,-0.28319,0.2121,29504.0
2025-10-20,13:13:14.425,0.20665,-0.97225,-0.44923,20.20042,-139.70376,-47.79336,0.23129,-0.27624,0.2121,29604.0
2025-10-20,13:13:14.521,0.47278,-0.91807,-1.01208,10.57595,-20.1843,-42.73326,0.21909,-0.25032,0.2121,29704.0
2025-10-20,13:13:14.623,0.59411,-0.41712,-0.70829,14.29329,10.01279,10.7676,0.22927,-0.24518,0.2121,29804.0
2025-10-20,13:13:14.724,0.37686,-0.34007,-0.64664,7.83831,-3.46113,19.38575,0.22049,-0.26594,0.2121,29904.0
2025-10-20,13:13:14.824,0.42945,-0.42497,-0.97097,5.78386,18.48354,8.39484,0.21564,-0.27826,0.2121,30004.0
2025-10-20,13:13:14.924,1.04934,-0.85993,-1.21678,6.92549,69.97756,7.01145,0.22818,-0.28878,0.2121,30104.0
2025-10-20,13:13:15.017,2.14103,-1.14042,-0.59417,-8.03489,-156.17476,110.34452,0.20604,-0.31898,0.2121,30204.0
2025-10-20,13:13:15.118,1.26236,-0.01208,-0.02726,65.49192,-284.4913,432.54063,-0.11094,-0.39437,0.2121,30304.0
2025-10-20,13:13:15.223,-0.41206,2.93653,-0.20324,174.8796,-189.6244,631.7388,-0.5502,-0.19922,0.2121,30404.0
2025-10-20,13:13:15.323,0.4723,5.61969,0.41684,423.0716,-571.8776,338.0608,-0.55496,0.28459,0.2121,30504.0
2025-10-20,13:13:15.422,2.78738,6.82098,2.46859,-685.636,-480.3624,-836.57,-0.43279,0.12019,0.2121,30604.0
2025-10-20,13:13:15.525,-2.40711,5.55707,-3.60566,92.09798,-1016.36312,695.29223,-0.11934,0.21606,0.2121,30704.0
2025-10-20,13:13:15.621,-0.28758,4.0702,-0.10688,452.61542,250.3254,-267.91845,-0.01111,0.44162,0.2121,30804.0
2025-10-20,13:13:15.726,0.93314,2.33057,-0.75208,290.02142,356.17952,99.52334,0.11654,0.17434,0.2121,30904.0
2025-10-20,13:13:15.821,0.78805,0.0765,-1.40135,117.85496,244.07109,114.4539,0.28381,-0.00202,0.2121,31004.0
2025-10-20,13:13:15.923,0.9499,-0.06785,-1.26174,132.48501,87.76582,48.05211,0.33377,-0.08857,0.2121,31104.0
2025-10-20,13:13:16.025,1.07197,-0.29568,-0.62882,100.5791,-47.26187,73.66823,0.32614,-0.15591,0.2121,31204.0
2025-10-20,13:13:16.123,1.01789,-0.47528,-0.38443,93.87517,-63.08914,47.93562,0.3002,-0.22072,0.2121,31304.0
2025-10-20,13:13:16.224,0.71212,-0.49497,-0.32403,54.44678,-104.10388,-12.8086,0.28709,-0.24543,0.2121,31404.0
2025-10-20,13:13:16.324,0.71142,-0.30723,-0.24748,18.9887,-122.01621,-27.422,0.27783,-0.23844,0.2121,31504.0
2025-10-20,13:13:16.423,0.40445,-0.35747,-0.23621,16.85046,-147.89656,-33.5756,0.23558,-0.22851,0.2121,31604.0
2025-10-20,13:13:16.524,0.20082,-0.95802,-1.01309,24.31333,-44.81909,-49.14991,0.20557,-0.21886,0.2121,31704.0
2025-10-20,13:13:16.625,0.60059,-0.33651,-0.98972,12.8447,9.75015,-20.36599,0.22119,-0.20604,0.2121,31804.0
2025-10-20,13:13:16.725,0.39824,-0.15655,-0.71345,7.62642,-12.86162,19.73791,0.21536,-0.21233,0.2121,31904.0
2025-10-20,13:13:16.823,0.40558,-0.20226,-0.97654,1.17627,18.80581,0.05476,0.21008,-0.22649,0.2121,32004.0
2025-10-20,13:13:16.925,0.89606,-0.38886,-1.37981,-3.86638,50.34836,-28.0066,0.23634,-0.21956,0.2121,32104.0
2025-10-20,13:13:17.022,1.93325,-0.87931,-1.20649,59.94141,-83.20979,29.77489,0.24653,-0.22863,0.2121,32204.0
2025-10-20,13:13:17.125,2.04901,-0.25777,-0.12119,177.65852,-261.57695,323.6544,0.05198,-0.3622,0.2121,32304.0
2025-10-20,13:13:17.225,-0.32758,3.36559,-0.19405,200.76,-43.4252,707.6552,-0.41839,-0.35704,0.2121,32404.0
2025-10-20,13:13:17.325,-0.57691,6.84047,0.48938,468.3532,-561.526,549.2508,-0.56731,0.2107,0.2121,32504.0
2025-10-20,13:13:17.425,3.30613,5.12863,2.21605,-308.9184,-695.3072,-697.5808,-0.36486,0.02323,0.2121,32604.0
2025-10-20,13:13:17.525,-3.09918,5.79488,-3.41406,40.94407,-795.59828,694.27629,-0.10535,0.37129,0.2121,32704.0
2025-10-20,13:13:17.625,0.03261,4.86665,-0.71108,693.42,494.2924,-117.8016,0.04116,0.35931,0.2121,32804.0
2025-10-20,13:13:17.724,0.74732,0.89573,-0.82228,265.58224,137.59624,122.64846,0.2121,0.00233,0.2121,32904.0
2025-10-20,13:13:17.824,0.65858,-0.38408,-1.47733,156.29561,100.04092,-15.94472,0.27598,-0.11893,0.2121,33004.0
2025-10-20,13:13:17.922,0.69408,-0.29899,-0.86015,-38.62031,-178.94604,18.23105,0.25941,-0.14055,0.2121,33104.0
2025-10-20,13:13:18.024,0.76339,-0.51515,-0.91784,40.10515,-25.9585,15.18887,0.20411,-0.14875,0.2121,33204.0
2025-10-20,13:13:18.124,0.49769,-0.41907,-0.71634,79.57222,-1.52271,-5.24369,0.20511,-0.18996,0.2121,33304.0
2025-10-20,13:13:18.222,0.42607,-0.22621,-0.63911,57.72261,-27.98394,-39.34215,0.21134,-0.21362,0.2121,33404.0
2025-10-20,13:13:18.324,0.51025,-0.13122,-0.4562,65.96455,-82.59829,-37.24478,0.20371,-0.22259,0.2121,33504.0
2025-10-20,13:13:18.425,0.07792,-1.10948,-0.62302,96.2696,-47.86047,-34.74695,0.17902,-0.25679,0.2121,33604.0
2025-10-20,13:13:18.523,0.41724,-0.82772,-0.98599,66.79358,33.19578,4.06214,0.18669,-0.28995,0.2121,33704.0
2025-10-20,13:13:18.625,0.3951,-0.35608,-0.55726,23.80979,2.81902,26.6683,0.18483,-0.32017,0.2121,33804.0
2025-10-20,13:13:18.724,0.24049,-0.43307,-0.81423,-14.5084,-7.89229,7.18269,0.17224,-0.3319,0.2121,33904.0
2025-10-20,13:13:18.825,0.32309,-0.60805,-0.9645,-20.07634,21.96321,-5.97645,0.17195,-0.32775,0.2121,34004.0
2025-10-20,13:13:18.925,1.38101,-1.13655,-1.19697,-34.03367,76.77415,-37.35591,0.2086,-0.30976,0.2121,34104.0
2025-10-20,13:13:19.025,2.2697,-0.99357,-0.69384,-15.78796,-272.612,134.17326,0.15122,-0.3052,0.2121,34204.0
2025-10-20,13:13:19.124,0.81037,0.90586,-0.20167,185.5952,-251.7144,472.3208,-0.23471,-0.37525,0.2121,34304.0
2025-10-20,13:13:19.225,-0.49355,3.95555,-0.16816,316.2824,-297.878,611.03,-0.60752,-0.11893,0.2121,34404.0
2025-10-20,13:13:19.325,0.02035,7.73031,2.13211,355.3732,-572.4572,-81.5444,-0.52489,0.31955,0.2121,34504.0
2025-10-20,13:13:19.425,2.99469,5.07555,-0.9398,-236.8856,-1204.6636,174.0564,-0.26588,-0.10428,0.2121,34604.0
2025-10-20,13:13:19.525,-3.04805,5.66676,-0.70859,205.39569,17.19024,259.33431,-0.01142,0.48806,0.2121,34704.0
2025-10-20,13:13:19.624,1.0428,3.55625,-0.67161,509.61809,411.94802,-128.40223,0.04621,0.2424,0.2121,34804.0
2025-10-20,13:13:19.725,0.68604,0.27839,-1.31699,164.91138,179.04675,143.71183,0.23308,-0.01562,0.2121,34904.0
2025-10-20,13:13:19.821,0.57666,-0.25208,-1.18976,187.71086,130.92686,38.25348,0.29012,-0.14266,0.2121,35004.0
2025-10-20,13:13:19.924,0.87502,-0.33932,-0.65242,99.00161,6.60242,71.54993,0.29904,-0.21839,0.2121,35104.0
2025-10-20,13:13:20.025,0.99753,-0.66763,-0.35404,87.41133,-41.4627,54.66469,0.26444,-0.28427,0.2121,35204.0
2025-10-20,13:13:20.124,0.74732,-0.55159,-0.4279,62.31248,-60.08965,-1.92236,0.25452,-0.31023,0.2121,35304.0
2025-10-20,13:13:20.225,0.7282,-0.36733,-0.30197,23.954,-123.75725,-29.54889,0.25932,-0.30755,0.2121,35404.0
2025-10-20,13:13:20.325,0.5151,-0.42305,-0.01049,13.78572,-201.26536,-28.41566,0.23774,-0.29671,0.2121,35504.0
2025-10-20,13:13:20.425,0.09336,-1.03402,-0.56775,41.75837,-99.54543,-53.85194,0.19241,-0.29214,0.2121,35604.0
2025-10-20,13:13:20.522,0.47212,-0.79003,-0.88583,27.71726,2.46211,-29.00401,0.20091,-0.28086,0.2121,35704.0
2025-10-20,13:13:20.625,0.52689,-0.37474,-0.66257,11.13911,-11.08674,20.68594,0.20301,-0.29038,0.2121,35804.0
2025-10-20,13:13:20.724,0.336,-0.43682,-0.89245,-21.25825,-2.70703,23.83924,0.18273,-0.30673,0.2121,35904.0
2025-10-20,13:13:20.824,0.6835,-0.64617,-1.23055,-44.33167,96.17292,-24.45873,0.19291,-0.29315,0.2121,36004.0
2025-10-20,13:13:20.924,2.23513,-0.91823,-1.05465,-19.27685,-95.2624,-13.96889,0.24706,-0.25662,0.2121,36104.0
2025-10-20,13:13:21.023,2.09166,0.17572,-0.14492,146.9664,-405.5576,355.5664,-0.03801,-0.33881,0.2121,36204.0
2025-10-20,13:13:21.121,-0.46742,3.3888,-0.16405,297.3964,-90.7452,659.8984,-0.49995,-0.27037,0.2121,36304.0
2025-10-20,13:13:21.225,-0.25875,6.76625,0.47543,452.7124,-513.52,472.01,-0.58833,0.2376,0.2121,36404.0
2025-10-20,13:13:21.324,2.72508,6.32949,2.74496,-534.9036,-616.532,-1111.992,-0.38947,0.05594,0.2121,36504.0
2025-10-20,13:13:21.424,-1.95461,5.68891,-3.61855,194.00777,-984.66018,892.14209,-0.14165,0.30452,0.2121,36604.0
2025-10-20,13:13:21.524,-0.73891,5.01785,0.02926,486.67936,169.34287,-326.99409,-0.01189,0.40369,0.2121,36704.0
2025-10-20,13:13:21.623,1.01946,1.93674,-1.04576,409.64248,321.67581,-79.38492,0.08206,0.09444,0.2121,36804.0
2025-10-20,13:13:21.725,0.65588,-0.31989,-1.19357,201.32417,102.45872,3.78407,0.21047,-0.09183,0.2121,36904.0
2025-10-20,13:13:21.825,0.61877,-0.47808,-0.89854,106.99058,58.98992,45.06683,0.25907,-0.1866,0.2121,37004.0
2025-10-20,13:13:21.924,0.41329,-0.5382,-0.57068,57.33589,-58.26724,67.8845,0.22958,-0.25685,0.2121,37104.0
2025-10-20,13:13:22.022,0.36813,-0.8074,-0.52952,62.74995,-14.86772,32.27166,0.18483,-0.32173,0.2121,37204.0
2025-10-20,13:13:22.124,0.49319,-0.77122,-0.5374,22.49656,-8.49331,-51.40188,0.19182,-0.33027,0.2121,37304.0
2025-10-20,13:13:22.225,0.63551,-0.3429,-0.358,-9.97332,-61.10479,-63.56146,0.21841,-0.29719,0.2121,37404.0
2025-10-20,13:13:22.320,0.08806,-0.45924,-0.18407,22.81963,-99.55349,-79.63985,0.21699,-0.25895,0.2121,37504.0
2025-10-20,13:13:22.424,0.27057,-0.93573,-1.14052,7.11401,-0.75249,-72.95103,0.23457,-0.22195,0.2121,37604.0
2025-10-20,13:13:22.525,0.90964,-0.46962,-1.11274,-17.72542,-9.92336,-5.65436,0.24893,-0.19206,0.2121,37704.0
2025-10-20,13:13:22.624,0.35249,-0.11425,-0.67963,15.49695,4.58987,25.33805,0.23811,-0.19922,0.2121,37804.0
2025-10-20,13:13:22.725,0.28101,-0.24292,-0.83786,5.92646,10.6541,13.05124,0.23354,-0.21933,0.2121,37904.0
2025-10-20,13:13:22.825,0.91908,-0.53992,-1.33035,13.57222,140.0365,25.59036,0.25654,-0.23558,0.2121,38004.0
2025-10-20,13:13:22.925,2.32862,-1.06515,-0.6521,62.94895,-104.84832,106.15569,0.26198,-0.28692,0.2121,38104.0
2025-10-20,13:13:23.025,1.98498,0.11912,0.43024,83.60093,-284.95635,421.71187,-0.02424,-0.42585,0.2121,38204.0
2025-10-20,13:13:23.121,-0.28978,2.90796,-0.03634,115.346,-142.8504,697.8748,-0.50811,-0.26454,0.2121,38304.0
2025-10-20,13:13:23.225,0.12445,5.30613,0.15949,302.7024,-490.406,524.0928,-0.55449,0.29896,0.2121,38404.0
2025-10-20,13:13:23.323,2.48461,7.86684,1.05551,-150.3908,-536.6508,-717.6932,-0.44448,0.3664,0.2121,38504.0
2025-10-20,13:13:23.425,0.23738,4.97371,-3.88195,-314.3532,-1086.5708,409.7016,-0.16059,-0.0053,0.2121,38604.0
2025-10-20,13:13:23.523,-1.07898,4.85488,-1.20203,410.90351,202.3068,-48.63242,0.0,0.47804,0.2121,38704.0
2025-10-20,13:13:23.625,0.89209,2.90907,-0.74268,453.12266,437.20499,201.9363,0.18508,0.15276,0.2121,38804.0
2025-10-20,13:13:23.725,0.81761,-0.08886,-1.10204,132.32871,197.42476,109.66168,0.30743,-0.09183,0.2121,38904.0
2025-10-20,13:13:23.823,1.02762,-0.21183,-1.0666,40.66589,33.56155,29.55587,0.32648,-0.14973,0.2121,39004.0
2025-10-20,13:13:23.925,0.98167,-0.42302,-0.5965,51.26199,-79.50535,72.11305,0.30953,-0.19369,0.2121,39104.0
2025-10-20,13:13:24.024,0.94219,-0.57505,-0.44753,84.73008,-86.90054,8.23701,0.28289,-0.24212,0.2121,39204.0
2025-10-20,13:13:24.124,0.77091,-0.43204,-0.43167,48.29231,-81.21335,-33.38234,0.28459,-0.241,0.2121,39304.0
2025-10-20,13:13:24.225,0.76878,-0.16967,-0.33315,12.32102,-141.73162,-38.51437,0.27573,-0.22447,0.2121,39404.0
2025-10-20,13:13:24.324,0.29322,-0.40797,-0.24196,32.29988,-134.59504,-60.93479,0.23471,-0.20651,0.2121,39504.0
2025-10-20,13:13:24.424,0.38384,-0.86227,-0.93972,49.37029,-13.52952,-77.10927,0.2275,-0.18887,0.2121,39604.0
2025-10-20,13:13:24.523,0.66064,-0.38444,-1.00298,-4.43518,-20.60405,-8.99877,0.24123,-0.17248,0.2121,39704.0
2025-10-20,13:13:24.625,0.37011,-0.17644,-0.70732,10.32378,-11.42834,14.05779,0.22725,-0.1765,0.2121,39804.0
2025-10-20,13:13:24.724,0.35397,-0.15974,-0.89822,-3.79065,15.89736,9.88291,0.22375,-0.18972,0.2121,39904.0
2025-10-20,13:13:24.824,0.4849,-0.16161,-1.08045,-25.79011,41.20811,-2.69217,0.23786,-0.18584,0.2121,40004.0
2025-10-20,13:13:24.925,1.52764,-0.58461,-1.20571,33.58169,139.69409,16.10952,0.28179,-0.18739,0.2121,40104.0
2025-10-20,13:13:25.025,2.68734,-0.84086,-0.23727,91.18675,-302.522,155.99827,0.23276,-0.27105,0.2121,40204.0
2025-10-20,13:13:25.123,1.21363,1.10324,0.23072,164.2928,-314.1068,518.3192,-0.18669,-0.3904,0.2121,40304.0
2025-10-20,13:13:25.225,-0.30688,4.62246,0.155,280.77,-246.3356,712.5272,-0.60853,-0.07398,0.2121,40404.0
2025-10-20,13:13:25.325,0.24195,7.56715,0.18273,456.0836,-612.2676,150.7744,-0.48014,0.41884,0.2121,40504.0
2025-10-20,13:13:25.425,4.31277,5.39324,-0.08391,120.568,-1044.778,-506.3744,-0.2828,-0.13307,0.2121,40604.0
2025-10-20,13:13:25.524,-2.60629,5.80859,-2.79527,-430.36093,-249.81192,516.08891,-0.05361,0.482,0.2121,40704.0
2025-10-20,13:13:25.624,0.88441,4.31289,-0.45512,595.504,479.8556,95.4716,0.11741,0.33532,0.2121,40804.0
2025-10-20,13:13:25.725,1.09442,1.08017,-0.75426,205.1991,227.87045,214.27917,0.30766,0.01538,0.2121,40904.0
2025-10-20,13:13:25.824,0.88157,-0.1412,-1.06753,55.78499,46.47957,29.13124,0.33785,-0.10125,0.2121,41004.0
2025-10-20,13:13:25.924,1.0341,-0.25948,-0.65284,38.2062,-19.93938,25.38636,0.34053,-0.11747,0.2121,41104.0
2025-10-20,13:13:26.025,1.13376,-0.3351,-0.47103,65.46423,-104.13611,50.47157,0.32504,-0.16252,0.2121,41204.0
2025-10-20,13:13:26.125,0.90176,-0.38432,-0.56274,80.19902,-64.23398,-4.89261,0.3065,-0.19252,0.2121,41304.0
2025-10-20,13:13:26.225,0.75641,-0.2528,-0.55914,62.84099,-93.37324,-24.95261,0.30401,-0.19695,0.2121,41404.0
2025-10-20,13:13:26.325,0.93061,0.02568,-0.4151,50.73186,-169.83237,-46.65368,0.27899,-0.18809,0.2121,41504.0
2025-10-20,13:13:26.425,0.54062,-0.249,-0.23824,95.25527,-112.89529,-56.47486,0.22851,-0.19215,0.2121,41604.0
2025-10-20,13:13:26.525,0.26441,-1.04436,-0.7815,106.9519,-17.38865,-55.03779,0.22236,-0.22119,0.2121,41704.0
2025-10-20,13:13:26.625,0.54155,-0.58996,-0.69034,20.8095,-14.17969,-0.38544,0.23483,-0.23432,0.2121,41804.0
2025-10-20,13:13:26.725,0.29942,-0.33074,-0.73264,-17.66177,-8.94932,28.76781,0.21839,-0.2452,0.2121,41904.0
2025-10-20,13:13:26.825,0.29825,-0.30721,-0.91844,-24.85232,-2.15435,15.44118,0.20352,-0.24897,0.2121,42004.0
2025-10-20,13:13:26.925,0.54139,-0.38808,-1.21042,-32.58105,26.56597,10.55716,0.19951,-0.2445,0.2121,42104.0
2025-10-20,13:13:27.024,2.12823,-0.95758,-1.42098,35.17288,69.93245,18.88651,0.24212,-0.24763,0.2121,42204.0
2025-10-20,13:13:27.120,2.30392,-0.38651,0.04744,125.28983,-357.1457,300.20759,0.08181,-0.35195,0.2121,42304.0
2025-10-20,13:13:27.222,0.2087,3.03361,0.09633,181.1096,-37.212,704.0544,-0.41082,-0.34517,0.2121,42404.0
2025-10-20,13:13:27.325,-0.03211,5.56723,-0.01816,234.5168,-410.1132,670.628,-0.58642,0.19881,0.2121,42504.0
2025-10-20,13:13:27.425,1.68621,7.89238,1.72805,-50.6492,-624.358,-620.004,-0.4747,0.37724,0.2121,42604.0
2025-10-20,13:13:27.525,0.43117,4.88629,-3.48113,-191.9876,-1088.7632,430.2536,-0.16758,0.00093,0.2121,42704.0
2025-10-20,13:13:27.622,-1.20207,4.48805,-0.81352,369.94531,188.35909,-28.12016,-0.01944,0.49894,0.2121,42804.0
2025-10-20,13:13:27.719,0.76067,3.29964,-0.87525,456.2628,414.0472,276.8584,0.17201,0.17597,0.2121,42904.0
2025-10-20,13:13:27.825,0.57291,-0.29749,-1.30889,210.0761,169.48997,114.51671,0.28331,-0.11312,0.2121,43004.0
2025-10-20,13:13:27.925,1.10306,-0.35597,-1.05154,110.8062,92.05195,47.59205,0.30976,-0.18903,0.2121,43104.0
2025-10-20,13:13:28.025,1.0578,-0.58451,-0.45191,36.44019,-76.59529,90.63721,0.2873,-0.24984,0.2121,43204.0
2025-10-20,13:13:28.124,0.85955,-0.60742,-0.32722,42.39888,-97.23318,41.52487,0.25405,-0.30044,0.2121,43304.0
2025-10-20,13:13:28.225,0.48487,-0.46262,-0.37805,26.4282,-143.47346,-2.88918,0.22977,-0.32093,0.2121,43404.0
2025-10-20,13:13:28.325,0.62242,-0.19626,-0.24203,39.19958,-137.96433,-45.56393,0.22072,-0.31395,0.2121,43504.0
2025-10-20,13:13:28.423,0.35201,-0.58838,-0.1736,53.13193,-143.90046,-42.9641,0.18811,-0.31159,0.2121,43604.0
2025-10-20,13:13:28.524,0.26868,-1.12382,-0.8603,24.21182,-63.23899,-65.89772,0.17691,-0.30417,0.2121,43704.0
2025-10-20,13:13:28.622,0.58637,-0.63146,-0.79547,-3.66416,-12.02937,-18.13442,0.1914,-0.28331,0.2121,43804.0
2025-10-20,13:13:28.723,0.33967,-0.34583,-0.69812,-5.25535,-19.04509,20.42451,0.179,-0.28552,0.2121,43904.0
2025-10-20,13:13:28.825,0.22339,-0.36328,-0.82865,-10.38179,-0.78794,7.1478,0.16488,-0.29189,0.2121,44004.0
2025-10-20,13:13:28.921,0.57553,-0.5307,-0.99416,-28.10398,155.30706,-12.14133,0.18786,-0.28412,0.2121,44104.0
2025-10-20,13:13:29.024,2.05526,-1.01009,-0.99079,30.37434,120.32593,-6.36189,0.29116,-0.2705,0.2121,44204.0
2025-10-20,13:13:29.122,2.20099,-0.6801,0.35116,48.57044,-363.5606,216.60048,0.18203,-0.33773,0.2121,44304.0
2025-10-20,13:13:29.224,0.55584,1.87553,0.16698,118.174,-179.7376,598.9172,-0.27295,-0.40122,0.2121,44404.0
2025-10-20,13:13:29.324,-0.24707,5.28059,0.06211,237.1152,-390.4432,659.8284,-0.61323,0.00979,0.2121,44504.0
2025-10-20,13:13:29.424,1.06121,7.88488,3.56555,121.66,-587.1796,-231.0644,-0.49743,0.3333,0.2121,44604.0
2025-10-20,13:13:29.524,-0.03938,4.66645,-2.5377,-135.5536,-1213.688,934.794,-0.179,0.0331,0.2121,44704.0
2025-10-20,13:13:29.624,-1.83484,4.74563,-0.31621,379.69387,168.36677,-148.51632,0.00934,0.47924,0.2121,44804.0
2025-10-20,13:13:29.724,0.71984,3.00657,-0.61741,480.68329,369.04096,-25.80692,0.07062,0.1839,0.2121,44904.0
2025-10-20,13:13:29.824,0.27261,0.03766,-1.13562,128.37693,99.0137,77.21448,0.19367,-0.03636,0.2121,45004.0
2025-10-20,13:13:29.925,0.77516,-0.28912,-1.32429,173.68184,150.95808,-0.06549,0.2685,-0.12423,0.2121,45104.0
2025-10-20,13:13:30.025,0.87939,-0.4534,-0.62677,90.16106,12.00198,79.17335,0.28978,-0.20824,0.2121,45204.0
2025-10-20,13:13:30.125,0.70554,-0.72112,-0.48245,62.58237,-60.1678,60.78126,0.24776,-0.28296,0.2121,45304.0
2025-10-20,13:13:30.219,0.44438,-0.62354,-0.61384,34.36721,-71.70813,2.2466,0.22195,-0.31866,0.2121,45404.0
2025-10-20,13:13:30.324,0.55846,-0.40858,-0.38202,21.09631,-103.62693,-45.0459,0.2079,-0.31722,0.2121,45504.0
2025-10-20,13:13:30.425,0.4642,-0.31312,-0.11241,40.21714,-168.7979,-47.24687,0.17928,-0.30578,0.2121,45604.0
2025-10-20,13:13:30.519,-0.06802,-1.13412,-0.6396,54.91406,-71.63401,-43.52669,0.14194,-0.31605,0.2121,45704.0
2025-10-20,13:13:30.625,0.36374,-0.94883,-1.00214,11.10286,-17.84868,-19.60209,0.14418,-0.31765,0.2121,45804.0
2025-10-20,13:13:30.721,0.3027,-0.42791,-0.69185,-4.15239,-8.17024,10.7837,0.13402,-0.31768,0.2121,45904.0
2025-10-20,13:13:30.818,0.18152,-0.44294,-0.83375,-10.90466,-4.35381,0.45523,0.12524,-0.3179,0.2121,46004.0
2025-10-20,13:13:30.920,0.23423,-0.46881,-0.90349,-21.76743,87.54023,-14.28808,0.14497,-0.31092,0.2121,46104.0
2025-10-20,13:13:31.025,1.18642,-0.69182,-1.13548,-34.60005,121.54731,-67.01431,0.24157,-0.26995,0.2121,46204.0
2025-10-20,13:13:31.125,2.61898,-0.93813,-0.6643,13.61,-308.42417,150.3484,0.1839,-0.26757,0.2121,46304.0
2025-10-20,13:13:31.224,1.01031,1.77438,-0.19417,237.51,-207.2336,593.1016,-0.25705,-0.36234,0.2121,46404.0
2025-10-20,13:13:31.321,-0.54082,4.12137,-0.16297,199.976,-164.1388,724.864,-0.59528,-0.00023,0.2121,46504.0
2025-10-20,13:13:31.425,0.18902,6.86281,0.02195,325.6624,-524.0732,260.8256,-0.4694,0.43683,0.2121,46604.0
2025-10-20,13:13:31.525,4.07441,5.25641,1.28762,-434.6944,-852.7456,-464.8952,-0.34472,-0.04125,0.2121,46704.0
2025-10-20,13:13:31.624,-4.22912,5.81681,-3.59459,-162.97859,-538.48113,563.04351,-0.13812,0.44188,0.2121,46804.0
2025-10-20,13:13:31.719,0.5641,4.62734,-0.40523,647.3348,478.8532,-14.0392,-0.0042,0.32841,0.2121,46904.0
2025-10-20,13:13:31.823,0.18745,0.79151,-0.9842,156.517,80.46046,177.6453,0.16589,-0.00354,0.2121,47004.0
2025-10-20,13:13:31.925,0.60483,-0.22312,-1.51754,153.45725,149.44102,-31.24579,0.22632,-0.10185,0.2121,47104.0
2025-10-20,13:13:32.023,0.76386,-0.42194,-0.96952,143.79492,87.8053,48.97974,0.28923,-0.17354,0.2121,47204.0
2025-10-20,13:13:32.122,0.76073,-0.56126,-0.56255,77.38806,-51.9887,75.96905,0.26944,-0.24613,0.2121,47304.0
2025-10-20,13:13:32.225,0.651,-0.77044,-0.50325,46.6552,-48.35354,38.837,0.22826,-0.30729,0.2121,47404.0
2025-10-20,13:13:32.325,0.51384,-0.67589,-0.55671,6.16575,-54.85122,-7.78554,0.21303,-0.32141,0.2121,47504.0
2025-10-20,13:13:32.425,0.67831,-0.29744,-0.39085,-16.40654,-96.2269,-27.63887,0.20579,-0.31032,0.2121,47604.0
2025-10-20,13:13:32.524,0.39329,-0.20125,-0.25897,-2.89797,-138.45095,-39.67337,0.17574,-0.28785,0.2121,47704.0
2025-10-20,13:13:32.625,-0.06686,-1.22518,-0.76492,66.75732,-39.16494,-56.40078,0.14872,-0.28836,0.2121,47804.0
2025-10-20,13:13:32.725,0.54637,-0.79042,-0.97025,13.42236,-8.4917,-5.28395,0.16688,-0.29671,0.2121,47904.0
2025-10-20,13:13:32.825,0.39836,-0.349,-0.75709,-13.30232,-27.83086,11.74623,0.14872,-0.29795,0.2121,48004.0
2025-10-20,13:13:32.925,0.21158,-0.36285,-0.79387,-0.94343,-0.15872,6.54173,0.13169,-0.29997,0.2121,48104.0
2025-10-20,13:13:33.025,0.36862,-0.44793,-0.96511,-20.24875,91.60159,-12.63198,0.15481,-0.29804,0.2121,48204.0
2025-10-20,13:13:33.125,1.39617,-0.96956,-1.01014,-5.47288,110.58384,-41.12548,0.23168,-0.27456,0.2121,48304.0
2025-10-20,13:13:33.225,1.91842,-1.06942,-0.50933,3.64538,-307.28037,99.00365,0.18357,-0.27901,0.2121,48404.0
2025-10-20,13:13:33.325,1.17991,0.77519,-0.1824,155.1452,-341.6056,460.1716,-0.21676,-0.34006,0.2121,48504.0
2025-10-20,13:13:33.425,-0.42004,3.88746,-0.03273,224.182,-82.7988,696.0044,-0.58151,-0.06868,0.2121,48604.0
2025-10-20,13:13:33.524,0.19984,6.59699,-0.01055,372.3972,-506.1364,365.2768,-0.50508,0.37572,0.2121,48704.0
2025-10-20,13:13:33.625,3.5523,6.34434,2.19438,-502.9164,-778.1452,-720.384,-0.41915,-0.01237,0.2121,48804.0
2025-10-20,13:13:33.725,-3.04279,5.20908,-4.16226,20.85825,-875.52193,487.98002,-0.10628,0.3375,0.2121,48904.0
2025-10-20,13:13:33.825,0.31891,4.8409,-0.60508,644.3118,521.20989,-134.233,-0.04747,0.41158,0.2121,49004.0
2025-10-20,13:13:33.922,0.41456,1.5847,-1.04979,302.91913,268.14296,280.78571,0.21863,0.03263,0.2121,49104.0
2025-10-20,13:13:34.023,0.59698,-0.3795,-1.25576,228.85371,211.31279,72.65417,0.27683,-0.18869,0.2121,49204.0
2025-10-20,13:13:34.125,0.73306,-0.76902,-0.5554,96.37031,-5.57117,25.56727,0.28808,-0.2396,0.2121,49304.0
2025-10-20,13:13:34.225,0.77814,-0.86429,-0.24928,27.30718,-83.18804,81.10108,0.26563,-0.28154,0.2121,49404.0
2025-10-20,13:13:34.325,0.78079,-0.86396,-0.43359,24.0104,-61.26914,22.17992,0.23401,-0.32538,0.2121,49504.0
2025-10-20,13:13:34.424,0.74884,-0.58957,-0.49989,-10.92803,-120.37185,-27.63673,0.23079,-0.32522,0.2121,49604.0
2025-10-20,13:13:34.525,0.79702,-0.27205,-0.2185,-24.20134,-191.38872,-46.90331,0.2142,-0.3002,0.2121,49704.0
2025-10-20,13:13:34.624,0.00713,-0.62425,-0.05637,27.33215,-163.55142,-68.71389,0.15579,-0.27523,0.2121,49804.0
2025-10-20,13:13:34.725,0.0056,-1.03354,-0.83456,32.09766,-44.19873,-68.09064,0.14358,-0.26641,0.2121,49904.0
2025-10-20,13:13:34.823,0.46486,-0.59769,-1.06607,-7.71665,-0.47131,6.73337,0.14569,-0.25705,0.2121,50004.0
2025-10-20,13:13:34.924,0.32258,-0.30242,-0.8787,14.21594,-12.72788,4.74498,0.13938,-0.26244,0.2121,50104.0
2025-10-20,13:13:35.025,0.16891,-0.42505,-0.87472,13.28379,-0.48823,10.33438,0.12506,-0.28069,0.2121,50204.0
2025-10-20,13:13:35.125,0.72253,-0.73712,-1.1614,6.31721,122.10806,1.83432,0.15243,-0.29018,0.2121,50304.0
2025-10-20,13:13:35.224,2.53575,-0.82663,-0.88107,29.12817,-184.68218,187.23848,0.13812,-0.32547,0.2121,50404.0
2025-10-20,13:13:35.325,0.99486,2.4318,0.06975,197.9656,-162.8004,674.8756,-0.31092,-0.365,0.2121,50504.0
2025-10-20,13:13:35.424,-0.75992,4.89891,-0.22777,179.9308,-226.0048,744.5256,-0.59237,0.11615,0.2121,50604.0
2025-10-20,13:13:35.525,-0.23008,6.32438,0.05477,264.1548,-539.4312,118.874,-0.40113,0.48317,0.2121,50704.0
2025-10-20,13:13:35.624,4.19066,5.57395,0.41844,-775.4936,-629.3784,-1477.2884,-0.36991,-0.08484,0.2121,50804.0
2025-10-20,13:13:35.725,-3.6625,5.38488,-3.58965,-97.2978,-797.81257,607.34658,-0.12376,0.39763,0.2121,50904.0
2025-10-20,13:13:35.825,0.18168,4.77543,-0.4459,677.4992,423.4104,-150.2676,-0.03863,0.37976,0.2121,51004.0
2025-10-20,13:13:35.922,0.63781,1.24079,-0.91885,340.23224,261.33403,229.12314,0.17154,-0.02844,0.2121,51104.0
2025-10-20,13:13:36.025,0.44991,-0.56746,-1.33231,170.45596,147.63794,-9.18451,0.24626,-0.21458,0.2121,51204.0
2025-10-20,13:13:36.125,1.00984,-0.56391,-1.05997,74.84458,26.05115,-27.26041,0.29764,-0.21466,0.2121,51304.0
2025-10-20,13:13:36.218,1.00737,-0.62881,-0.49022,48.2198,-96.97859,66.85648,0.28558,-0.24063,0.2121,51404.0
2025-10-20,13:13:36.325,0.79054,-0.66581,-0.38653,57.71697,-96.6394,38.76936,0.23797,-0.29787,0.2121,51504.0
2025-10-20,13:13:36.425,0.55371,-0.64411,-0.4132,25.81992,-104.41245,-5.2512,0.20781,-0.32295,0.2121,51604.0
2025-10-20,13:13:36.525,0.47087,-0.39949,-0.31341,-0.53335,-150.88315,-34.23321,0.1811,-0.32048,0.2121,51704.0
2025-10-20,13:13:36.625,0.20207,-0.35099,-0.04193,8.31204,-153.80288,-47.13199,0.13054,-0.30553,0.2121,51804.0
2025-10-20,13:13:36.724,-0.18677,-1.10774,-0.83282,30.55642,-39.62981,-60.43125,0.10372,-0.30207,0.2121,51904.0
2025-10-20,13:13:36.825,0.34287,-0.87235,-1.10894,1.86108,-21.69734,-30.38365,0.11868,-0.28861,0.2121,52004.0
2025-10-20,13:13:36.925,0.24563,-0.45199,-0.75765,3.56265,-0.00081,21.67262,0.11048,-0.28995,0.2121,52104.0
2025-10-20,13:13:37.025,-0.00584,-0.43647,-0.7893,2.2615,12.54661,17.64537,0.10192,-0.30328,0.2121,52204.0
2025-10-20,13:13:37.124,0.17762,-0.57293,-0.85672,-12.49263,105.83203,6.32378,0.11794,-0.30906,0.2121,52304.0
2025-10-20,13:13:37.222,1.53756,-1.01383,-1.19423,-36.90908,125.5563,-41.57212,0.20882,-0.28406,0.2121,52404.0
2025-10-20,13:13:37.321,2.50759,-0.54623,-0.45961,25.091,-353.35064,207.48174,0.11304,-0.29787,0.2121,52504.0
2025-10-20,13:13:37.425,0.3164,2.19695,-0.07691,213.4636,-166.2164,615.7396,-0.35325,-0.32598,0.2121,52604.0
2025-10-20,13:13:37.525,-0.50801,4.55352,-0.25406,233.0972,-298.4856,654.9956,-0.59574,0.0888,0.2121,52704.0
2025-10-20,13:13:37.625,0.29785,7.69969,1.55781,130.6536,-648.5808,-165.018,-0.47117,0.41031,0.2121,52804.0
2025-10-20,13:13:37.725,2.78926,5.42488,-1.51012,-423.3432,-1170.7164,-481.9892,-0.29904,-0.10582,0.2121,52904.0
2025-10-20,13:13:37.825,-3.8741,5.06187,-0.7177,122.36489,-110.29587,291.63131,-0.06363,0.50475,0.2121,53004.0
2025-10-20,13:13:37.925,0.63336,3.96039,-0.50664,497.4116,420.5152,-245.4788,-0.09276,0.27177,0.2121,53104.0
2025-10-20,13:13:38.025,0.61723,0.74854,-1.36368,262.13247,260.52034,143.72203,0.14764,-0.04242,0.2121,53204.0
2025-10-20,13:13:38.124,0.38572,-0.46447,-1.27705,203.23682,176.81909,25.00253,0.2459,-0.19718,0.2121,53304.0
2025-10-20,13:13:38.225,0.68487,-0.62227,-0.52402,111.44429,3.67222,5.82829,0.27952,-0.24695,0.2121,53404.0
2025-10-20,13:13:38.325,0.81085,-0.79472,-0.1887,55.48125,-66.63728,73.71815,0.25825,-0.29135,0.2121,53504.0
2025-10-20,13:13:38.423,0.61067,-0.88592,-0.33553,42.29656,-34.20205,15.30483,0.22346,-0.33885,0.2121,53604.0
2025-10-20,13:13:38.524,0.52425,-0.66261,-0.39036,-4.54475,-73.25259,-40.87961,0.22795,-0.33353,0.2121,53704.0
2025-10-20,13:13:38.624,0.55486,-0.39385,-0.14943,-30.41624,-139.35249,-58.23671,0.23306,-0.29618,0.2121,53804.0
2025-10-20,13:13:38.724,0.12695,-0.56725,-0.32494,13.15408,-109.82651,-49.72914,0.20627,-0.26314,0.2121,53904.0
2025-10-20,13:13:38.824,0.31871,-0.97845,-1.1053,37.50286,-4.55522,-35.8222,0.20326,-0.25629,0.2121,54004.0
2025-10-20,13:13:38.925,0.73223,-0.58442,-0.94779,-4.27485,-7.27756,3.67885,0.21024,-0.25289,0.2121,54104.0
2025-10-20,13:13:39.024,0.31588,-0.29968,-0.83633,-8.60933,-16.59749,19.53231,0.19585,-0.26168,0.2121,54204.0
2025-10-20,13:13:39.125,0.32136,-0.30558,-0.89505,-5.32463,3.05911,-3.86083,0.18739,-0.26361,0.2121,54304.0
2025-10-20,13:13:39.224,0.60226,-0.28519,-1.0032,-29.80635,55.39343,-4.56675,0.20175,-0.2578,0.2121,54404.0
2025-10-20,13:13:39.325,2.08127,-0.9695,-1.48998,5.20298,6.08438,-2.3019,0.241,-0.2424,0.2121,54504.0
2025-10-20,13:13:39.422,3.36191,0.63508,-0.13039,227.4272,-402.0464,411.0484,0.00959,-0.353,0.2121,54604.0
2025-10-20,13:13:39.520,-0.01402,5.92563,-0.20211,262.8556,-48.5492,897.596,-0.53211,-0.19089,0.2121,54704.0
2025-10-20,13:13:39.624,-1.01277,7.73578,0.07758,299.4852,-525.854,496.4232,-0.45627,0.43279,0.2121,54804.0
2025-10-20,13:13:39.725,3.52801,4.76168,1.48684,-581.994,-642.222,-489.8012,-0.35661,-0.00862,0.2121,54904.0
2025-10-20,13:13:39.824,-3.80457,5.47395,-3.57629,-71.23311,-710.45808,594.86238,-0.1414,0.44137,0.2121,55004.0
2025-10-20,13:13:39.923,0.20676,5.15742,-0.27047,729.5652,486.9676,-73.7576,-0.01189,0.37199,0.2121,55104.0
2025-10-20,13:13:40.025,0.36579,0.95557,-0.76873,217.77017,275.29356,282.98639,0.23,-0.06638,0.2121,55204.0
2025-10-20,13:13:40.125,0.94544,-0.53257,-1.42691,116.15098,122.4408,-75.67219,0.29508,-0.16548,0.2121,55304.0
2025-10-20,13:13:40.223,1.2115,-0.57416,-0.84105,38.01606,22.75276,6.01242,0.33204,-0.1467,0.2121,55404.0
2025-10-20,13:13:40.324,0.83283,-0.46868,-0.59258,43.44382,-77.3228,68.10943,0.31279,-0.18949,0.2121,55504.0
2025-10-20,13:13:40.421,0.80986,-0.65233,-0.47564,69.02446,-48.38818,38.3909,0.27977,-0.24871,0.2121,55604.0
2025-10-20,13:13:40.523,0.70258,-0.65555,-0.50368,29.94976,-51.43682,-27.75161,0.27084,-0.26594,0.2121,55704.0
2025-10-20,13:13:40.625,0.78688,-0.25416,-0.34315,-22.72698,-113.83066,-56.51888,0.27674,-0.23331,0.2121,55804.0
2025-10-20,13:13:40.725,0.20207,-0.48226,-0.14838,7.0262,-164.92668,-69.12832,0.24077,-0.18972,0.2121,55904.0
2025-10-20,13:13:40.823,0.06014,-0.70609,-0.9683,28.00166,-25.20681,-53.83154,0.21564,-0.16539,0.2121,56004.0
2025-10-20,13:13:40.925,0.66371,-0.32198,-1.22188,-7.64817,9.07661,4.92428,0.22352,-0.15663,0.2121,56104.0
2025-10-20,13:13:41.023,0.45003,-0.0285,-0.80367,24.16348,-2.57571,10.85134,0.21733,-0.16748,0.2121,56204.0
2025-10-20,13:13:41.124,0.21036,-0.25833,-0.88809,33.52046,15.04014,19.74972,0.20977,-0.19602,0.2121,56304.0
2025-10-20,13:13:41.218,0.4192,-0.27729,-1.04761,-12.83584,56.43677,-5.23832,0.22877,-0.21766,0.2121,56404.0
2025-10-20,13:13:41.323,1.36555,-0.00013,-1.38073,-111.84792,2.05364,-153.90234,0.27456,-0.14264,0.2121,56504.0
2025-10-20,13:13:41.425,3.51418,0.29684,-2.58426,225.11941,-373.41215,118.18992,0.12297,-0.07575,0.2121,56604.0
2025-10-20,13:13:41.519,1.2832,6.28105,-0.03391,573.7564,129.85,848.6352,-0.30347,-0.37176,0.2121,56704.0
2025-10-20,13:13:41.624,-0.18949,7.6718,-0.28777,190.26,-308.0,900.8328,-0.55979,0.22776,0.2121,56804.0
2025-10-20,13:13:41.724,0.37473,7.74438,2.7043,-542.4916,-553.154,-383.5216,-0.3967,0.36686,0.2121,56904.0
2025-10-20,13:13:41.824,-2.35145,4.31313,-3.88809,-120.5512,-1147.7116,525.3556,-0.20705,0.06035,0.2121,57004.0
2025-10-20,13:13:41.925,-1.94359,4.77352,-1.06102,637.25125,400.88487,-323.74148,-0.15779,0.43073,0.2121,57104.0
2025-10-20,13:13:42.025,0.62293,1.94733,-0.60474,405.79073,548.5802,289.26079,0.14489,-0.1369,0.2121,57204.0
2025-10-20,13:13:42.123,0.05308,-1.02022,-1.15373,71.09663,97.49341,3.2773,0.17364,-0.31652,0.2121,57304.0
2025-10-20,13:13:42.225,0.98008,-1.0157,-1.25826,106.1833,145.72368,-86.36732,0.25402,-0.29644,0.2121,57404.0
2025-10-20,13:13:42.319,1.04418,-0.92364,-0.45727,25.64429,-57.53972,48.40534,0.27433,-0.28762,0.2121,57504.0
2025-10-20,13:13:42.424,0.76901,-1.07429,-0.2571,38.6187,-50.9655,83.60321,0.22397,-0.3429,0.2121,57604.0
2025-10-20,13:13:42.523,0.45952,-0.87629,-0.44174,26.28318,-42.90886,3.36159,0.19602,-0.37409,0.2121,57704.0
2025-10-20,13:13:42.625,0.807,-0.27671,-0.25837,-43.555,-122.39729,-65.86282,0.21639,-0.35199,0.2121,57804.0
2025-10-20,13:13:42.725,0.47527,-0.24,0.02078,-55.22737,-336.325,-71.17434,0.18553,-0.29671,0.2121,57904.0
2025-10-20,13:13:42.818,-0.29873,-1.08994,-0.88702,16.67483,-71.18606,-67.42122,0.10681,-0.26361,0.2121,58004.0
2025-10-20,13:13:42.922,0.4893,-0.60413,-1.34131,6.76516,10.57031,-22.63837,0.12959,-0.25592,0.2121,58104.0
2025-10-20,13:13:43.024,0.42917,-0.16404,-0.64673,2.47581,-19.27712,7.35126,0.1234,-0.25259,0.2121,58204.0
2025-10-20,13:13:43.124,0.11628,-0.27085,-0.94155,21.64739,-5.80562,2.74639,0.10791,-0.26874,0.2121,58304.0
2025-10-20,13:13:43.221,0.18713,-0.41497,-0.88471,27.86389,83.46357,-2.12099,0.12019,-0.28861,0.2121,58404.0
2025-10-20,13:13:43.324,1.59089,-0.70721,-1.24478,6.19475,208.4261,-25.26987,0.22236,-0.28971,0.2121,58504.0
2025-10-20,13:13:43.420,2.61203,-0.38636,-0.20111,111.45153,-389.64218,275.24614,0.10984,-0.35123,0.2121,58604.0
2025-10-20,13:13:43.525,0.14655,2.79757,0.04783,210.6804,-27.4904,709.1784,-0.38737,-0.36849,0.2121,58704.0
2025-10-20,13:13:43.625,-0.56789,5.58207,-0.15172,154.7056,-285.9808,734.426,-0.58934,0.1967,0.2121,58804.0
2025-10-20,13:13:43.725,0.63566,7.6582,0.80504,68.3536,-629.9776,-223.6192,-0.39996,0.48363,0.2121,58904.0
2025-10-20,13:13:43.824,2.95762,4.76203,-1.80012,-351.9404,-1105.2468,110.4852,-0.26109,-0.1058,0.2121,59004.0
2025-10-20,13:13:43.918,-3.45367,5.02285,-1.58324,178.43739,88.70974,116.66601,-0.06829,0.5151,0.2121,59104.0
2025-10-20,13:13:44.025,0.68273,3.8682,-0.32961,497.0924,498.3832,209.916,0.09421,0.19227,0.2121,59204.0
2025-10-20,13:13:44.125,0.4902,0.05026,-1.64496,97.96884,176.05336,188.54361,0.25615,-0.09882,0.2121,59304.0
2025-10-20,13:13:44.225,1.07139,-0.14534,-1.65324,84.18787,76.70728,-63.75794,0.30805,-0.14519,0.2121,59404.0
2025-10-20,13:13:44.325,1.00995,-0.23697,-0.77344,74.67942,-83.0696,4.74605,0.32071,-0.13169,0.2121,59504.0
2025-10-20,13:13:44.420,1.00742,-0.37066,-0.47121,118.86606,-123.03699,48.18255,0.28735,-0.18483,0.2121,59604.0
2025-10-20,13:13:44.525,0.7397,-0.5215,-0.55574,110.79412,-70.24343,15.58397,0.25126,-0.24916,0.2121,59704.0
2025-10-20,13:13:44.618,0.57574,-0.38283,-0.49843,66.85884,-78.44187,-9.58766,0.23255,-0.28204,0.2121,59804.0
2025-10-20,13:13:44.718,0.72223,-0.11591,-0.06516,42.98701,-187.62869,-23.51446,0.19742,-0.29298,0.2121,59904.0
2025-10-20,13:13:44.823,-0.08488,-0.72328,-0.36252,44.26077,-116.93972,-23.46185,0.12852,-0.30881,0.2121,60004.0
2025-10-20,13:13:44.925,0.0868,-1.17267,-1.14395,34.67659,-0.84998,-49.37913,0.1226,-0.31559,0.2121,60104.0
2025-10-20,13:13:45.024,0.48203,-0.47612,-0.57059,5.17075,-5.50913,5.1637,0.13828,-0.31787,0.2121,60204.0
2025-10-20,13:13:45.124,0.12724,-0.42472,-0.73376,-21.04878,-16.7135,9.74173,0.12283,-0.32071,0.2121,60304.0
2025-10-20,13:13:45.225,0.11849,-0.40903,-0.92858,-43.04583,38.53169,-12.89234,0.12625,-0.30755,0.2121,60404.0
2025-10-20,13:13:45.325,1.3303,-0.46031,-1.39643,-84.83643,160.55596,-71.72386,0.20091,-0.24893,0.2121,60504.0
2025-10-20,13:13:45.425,2.95707,-0.67094,-1.26473,104.95461,-308.79684,143.16112,0.16791,-0.23659,0.2121,60604.0
2025-10-20,13:13:45.524,1.27262,3.1575,0.02457,347.2168,-72.1784,658.448,-0.26151,-0.39204,0.2121,60704.0
2025-10-20,13:13:45.624,-0.45895,6.28965,-0.18547,144.0348,-156.3436,856.8644,-0.59262,0.08408,0.2121,60804.0
2025-10-20,13:13:45.725,0.59902,7.8741,0.05305,175.9268,-688.842,-12.7876,-0.3911,0.48643,0.2121,60904.0
2025-10-20,13:13:45.824,3.31012,5.08207,-1.19523,-349.4036,-1089.2784,-321.4904,-0.27144,-0.12979,0.2121,61004.0
2025-10-20,13:13:45.925,-3.75613,5.15637,-1.93207,-73.60637,-90.11498,293.42271,-0.08461,0.50554,0.2121,61104.0
2025-10-20,13:13:46.025,0.67191,4.31609,-0.40027,607.4264,460.208,90.286,0.03526,0.24846,0.2121,61204.0
2025-10-20,13:13:46.124,0.44775,0.27216,-1.33141,250.25603,204.46869,153.96732,0.23214,-0.07668,0.2121,61304.0
2025-10-20,13:13:46.225,0.98185,-0.44801,-1.28469,153.50076,121.65608,-10.15562,0.29366,-0.18029,0.2121,61404.0
2025-10-20,13:13:46.323,1.07577,-0.53852,-0.62976,18.36028,-68.30259,61.1055,0.29764,-0.2114,0.2121,61504.0
2025-10-20,13:13:46.424,0.71841,-0.58883,-0.30312,27.7793,-126.73982,71.01203,0.25174,-0.2679,0.2121,61604.0
2025-10-20,13:13:46.529,0.33626,-0.61107,-0.29568,39.26484,-61.01213,8.21232,0.20884,-0.30673,0.2121,61704.0
2025-10-20,13:13:46.628,0.2726,-0.39708,-0.29482,24.19087,-51.20962,-24.78136,0.20276,-0.31361,0.2121,61804.0
2025-10-20,13:13:46.729,0.42392,-0.30262,-0.3443,13.62056,-82.7417,-32.50142,0.19648,-0.30277,0.2121,61904.0
2025-10-20,13:13:46.829,0.25272,-0.88579,-0.67251,38.77017,-54.09148,-38.34527,0.18332,-0.29694,0.2121,62004.0
2025-10-20,13:13:46.929,0.62132,-0.98546,-1.06048,17.61262,37.25955,-35.45394,0.20324,-0.29088,0.2121,62104.0
2025-10-20,13:13:47.029,0.67499,-0.4731,-0.67344,-22.79143,6.87634,4.46261,0.22091,-0.27793,0.2121,62204.0
2025-10-20,13:13:47.126,0.3671,-0.44212,-0.62258,-6.69587,19.99497,16.11274,0.21769,-0.28226,0.2121,62304.0
2025-10-20,13:13:47.229,0.5047,-0.61525,-0.66267,-1.24233,8.11868,-17.34046,0.22195,-0.28129,0.2121,62404.0
2025-10-20,13:13:47.327,0.62658,-0.62393,-0.6958,-10.75803,3.85833,-8.65198,0.23424,-0.26944,0.2121,62504.0
2025-10-20,13:13:47.427,0.55003,-0.59769,-0.69853,-4.83882,2.81016,3.94833,0.23382,-0.26538,0.2121,62604.0
2025-10-20,13:13:47.526,0.57421,-0.59486,-0.65413,5.12966,4.35703,8.63802,0.23261,-0.26967,0.2121,62704.0
2025-10-20,13:13:47.629,0.55903,-0.5929,-0.66985,0.26829,4.89119,8.34169,0.22851,-0.27725,0.2121,62804.0
2025-10-20,13:13:47.727,0.53398,-0.58717,-0.68321,-8.74951,-5.05715,1.31039,0.22562,-0.27876,0.2121,62904.0
2025-10-20,13:13:47.823,0.52148,-0.5902,-0.66899,-5.15061,1.66128,4.05462,0.22372,-0.2775,0.2121,63004.0
2025-10-20,13:13:47.926,0.49792,-0.59781,-0.7023,-3.75278,3.64805,5.26999,0.22002,-0.27969,0.2121,63104.0
2025-10-20,13:13:48.022,0.52813,-0.59426,-0.72976,-5.12966,-1.24395,2.53434,0.21899,-0.28151,0.2121,63204.0
2025-10-20,13:13:48.129,0.46383,-0.59007,-0.73512,-2.56201,4.54717,1.1531,0.21769,-0.28179,0.2121,63304.0
2025-10-20,13:13:48.229,0.50799,-0.58094,-0.68243,-5.16189,-1.75232,4.11851,0.2169,-0.28028,0.2121,63404.0
2025-10-20,13:13:48.328,0.44672,-0.58016,-0.67884,-2.64419,7.06003,9.50069,0.2135,-0.28389,0.2121,63504.0
2025-10-20,13:13:48.428,0.4783,-0.58384,-0.69104,0.29568,13.10654,5.95981,0.21286,-0.28709,0.2121,63604.0
2025-10-20,13:13:48.528,0.4975,-0.58547,-0.69011,-3.74312,6.97866,4.13676,0.21327,-0.29018,0.2121,63704.0
2025-10-20,13:13:48.623,0.5317,-0.56199,-0.66615,-2.92617,6.06423,4.38101,0.21488,-0.29063,0.2121,63804.0
2025-10-20,13:13:48.728,0.48009,-0.60468,-0.67683,1.89089,2.52495,4.72619,0.21047,-0.29344,0.2121,63904.0
2025-10-20,13:13:48.827,0.55742,-0.60193,-0.68258,11.23015,15.36724,-1.64268,0.21538,-0.29669,0.2121,64004.0
2025-10-20,13:13:48.929,0.55238,-0.64207,-0.65759,0.63486,0.74766,0.97917,0.2156,-0.29974,0.2121,64104.0
2025-10-20,13:13:49.029,0.52199,-0.63021,-0.65256,1.91829,3.73264,3.08459,0.21513,-0.30025,0.2121,64204.0
2025-10-20,13:13:49.129,0.51746,-0.63026,-0.62819,1.19077,3.25327,1.64268,0.21513,-0.30253,0.2121,64304.0
2025-10-20,13:13:49.229,0.52617,-0.65318,-0.60215,-3.64241,9.07661,3.28053,0.21488,-0.3035,0.2121,64404.0
2025-10-20,13:13:49.329,0.5583,-0.62476,-0.64142,-11.58062,7.86248,5.98611,0.21466,-0.303,0.2121,64504.0
2025-10-20,13:13:49.428,0.55443,-0.57736,-0.70856,-10.44302,1.63066,6.71673,0.21109,-0.303,0.2121,64604.0
2025-10-20,13:13:49.528,0.51062,-0.53085,-0.77894,4.6519,2.19382,3.50707,0.20884,-0.3044,0.2121,64704.0
2025-10-20,13:13:49.627,0.48228,-0.61281,-0.69536,20.39619,3.07683,-2.83067,0.20882,-0.30957,0.2121,64804.0
2025-10-20,13:13:49.728,0.49417,-0.72333,-0.54362,10.57434,-2.27761,-3.67402,0.21163,-0.31232,0.2121,64904.0
2025-10-20,13:13:49.829,0.53799,-0.69754,-0.58276,-5.5897,-6.36152,-7.35716,0.21311,-0.31108,0.2121,65004.0
2025-10-20,13:13:49.928,0.52385,-0.62107,-0.64612,-2.88911,-4.0541,2.29384,0.21396,-0.30603,0.2121,65104.0
2025-10-20,13:13:50.029,0.53064,-0.57904,-0.62915,0.88381,4.79773,9.49157,0.21072,-0.31016,0.2121,65204.0
2025-10-20,13:13:50.128,0.52482,-0.612,-0.62582,-5.50833,4.6801,0.2405,0.20837,-0.31256,0.2121,65304.0
2025-10-20,13:13:50.225,0.57626,-0.56452,-0.61539,-24.31897,-14.36902,6.07523,0.20554,-0.30679,0.2121,65404.0
2025-10-20,13:13:50.329,0.45844,-0.59345,-0.64887,-11.80378,6.1875,15.66611,0.19602,-0.30859,0.2121,65504.0
2025-10-20,13:13:50.429,0.38527,-0.55008,-0.69243,-7.25339,7.89067,0.75209,0.19215,-0.31108,0.2121,65604.0
2025-10-20,13:13:50.529,0.46966,-0.68979,-0.71552,-7.7666,-2.16643,-12.33405,0.19555,-0.30533,0.2121,65704.0
2025-10-20,13:13:50.626,0.42018,-0.62908,-0.70604,-6.72327,-22.57793,7.41514,0.19266,-0.29972,0.2121,65804.0
2025-10-20,13:13:50.723,0.38796,-0.60961,-0.72856,13.02034,1.05381,-1.8719,0.18366,-0.30323,0.2121,65904.0
2025-10-20,13:13:50.827,0.53955,-0.61955,-0.71882,6.76838,3.8688,-5.4917,0.18963,-0.30401,0.2121,66004.0
2025-10-20,13:13:50.927,0.54633,-0.58761,-0.66811,-5.55183,8.14688,-1.13216,0.19275,-0.30137,0.2121,66104.0
2025-10-20,13:13:51.027,0.56438,-0.57117,-0.71035,-8.53682,11.77961,-2.15481,0.1964,-0.29722,0.2121,66204.0
2025-10-20,13:13:51.128,0.56768,-0.5915,-0.73206,-3.53123,16.35095,0.4053,0.20138,-0.29391,0.2121,66304.0
2025-10-20,13:13:51.227,0.57628,-0.61072,-0.71859,0.94182,7.07292,5.84922,0.20326,-0.29543,0.2121,66404.0
2025-10-20,13:13:51.329,0.5521,-0.59896,-0.67176,6.55166,6.67412,4.62741,0.20091,-0.3002,0.2121,66504.0
2025-10-20,13:13:51.429,0.52724,-0.62265,-0.67285,1.67256,7.25339,-1.01996,0.2025,-0.303,0.2121,66604.0
2025-10-20,13:13:51.529,0.55614,-0.63563,-0.63678,-2.72637,1.45664,-2.72545,0.20487,-0.30137,0.2121,66704.0
2025-10-20,13:13:51.628,0.56552,-0.60049,-0.64709,-1.92312,1.4502,4.44006,0.20503,-0.30048,0.2121,66804.0
2025-10-20,13:13:51.729,0.52868,-0.59802,-0.66986,1.27537,2.03591,1.76239,0.20301,-0.30323,0.2121,66904.0
